Gender,Age,Height,Weight,BMI Value,Body-Mass Index
Female,21,1.62,64,24.4,Normal
Female,21,1.52,56,24.2,Normal
Male,23,1.8,77,23.8,Normal
Male,27,1.8,87,26.9,Overweight
Male,22,1.78,89.8,28.3,Overweight
Male,29,1.62,53,20.2,Normal
Female,23,1.5,55,24.4,Normal
Male,22,1.64,53,19.7,Normal
Male,24,1.78,64,20.2,Normal
Male,22,1.72,68,23.0,Normal
Male,26,1.85,105,30.7,Obesity
Female,21,1.72,80,27.0,Overweight
Male,22,1.65,56,20.6,Normal
Male,41,1.8,99,30.6,Obesity
Male,23,1.77,60,19.2,Normal
Female,22,1.7,66,22.8,Normal
Male,27,1.93,102,27.4,Overweight
Female,29,1.53,78,33.3,Obesity
Female,30,1.71,82,28.0,Overweight
Female,23,1.65,70,25.7,Overweight
Male,22,1.65,80,29.4,Overweight
Female,52,1.69,87,30.5,Obesity
Female,22,1.65,60,22.0,Normal
Female,22,1.6,82,32.0,Obesity
Male,21,1.85,68,19.9,Normal
Male,20,1.6,50,19.5,Normal
Male,21,1.7,65,22.5,Normal
Female,23,1.6,52,20.3,Normal
Male,19,1.75,76,24.8,Normal
Male,23,1.68,70,24.8,Normal
Male,29,1.77,83,26.5,Overweight
Female,31,1.58,68,27.2,Overweight
Female,24,1.77,76,24.3,Normal
Male,39,1.79,90,28.1,Overweight
Male,22,1.65,62,22.8,Normal
Female,21,1.5,65,28.9,Overweight
Female,22,1.56,49,20.1,Normal
Female,21,1.6,48,18.8,Normal
Male,23,1.65,67,24.6,Normal
Female,21,1.75,88,28.7,Overweight
Female,21,1.67,75,26.9,Overweight
Male,23,1.68,60,21.3,Normal
Female,21,1.66,64,23.2,Normal
Male,21,1.66,62,22.5,Normal
Male,21,1.81,80,24.4,Normal
Female,21,1.53,65,27.8,Overweight
Male,21,1.82,72,21.7,Normal
Male,21,1.75,72,23.5,Normal
Female,20,1.66,60,21.8,Normal
Female,21,1.55,50,20.8,Normal
Female,21,1.61,54.5,21.0,Normal
Female,20,1.5,44,19.6,Normal
Female,23,1.64,52,19.3,Normal
Female,23,1.63,55,20.7,Normal
Female,22,1.6,55,21.5,Normal
Male,23,1.68,62,22.0,Normal
Male,22,1.7,70,24.2,Normal
Male,21,1.64,65,24.2,Normal
Female,17,1.65,67,24.6,Normal
Male,20,1.76,55,17.8,Underweight
Female,21,1.55,49,20.4,Normal
Male,20,1.65,58,21.3,Normal
Male,22,1.67,62,22.2,Normal
Male,22,1.68,55,19.5,Normal
Female,21,1.66,57,20.7,Normal
Female,21,1.62,69,26.3,Overweight
Male,23,1.8,90,27.8,Overweight
Male,23,1.65,95,34.9,Obesity
Male,30,1.76,112,36.2,Obesity
Male,23,1.8,60,18.5,Normal
Female,23,1.65,80,29.4,Overweight
Female,22,1.67,50,17.9,Underweight
Female,24,1.65,60,22.0,Normal
Male,19,1.85,65,19.0,Normal
Male,24,1.7,85,29.4,Overweight
Female,23,1.63,45,16.9,Underweight
Female,24,1.6,45,17.6,Underweight
Female,24,1.7,80,27.7,Overweight
Female,23,1.65,90,33.1,Obesity
Male,23,1.65,60,22.0,Normal
Female,19,1.63,58,21.8,Normal
Male,30,1.8,91,28.1,Overweight
Male,23,1.67,85.5,30.7,Obesity
Female,19,1.6,45,17.6,Underweight
Male,25,1.7,83,28.7,Overweight
Male,23,1.65,58.5,21.5,Normal
Male,21,1.85,83,24.3,Normal
Male,19,1.82,87,26.3,Overweight
Female,22,1.65,65,23.9,Normal
Female,29,1.7,78,27.0,Overweight
Female,25,1.63,93,35.0,Obesity
Female,20,1.61,64,24.7,Normal
Male,55,1.78,84,26.5,Overweight
Female,20,1.6,57,22.3,Normal
Female,24,1.6,48,18.8,Normal
Male,26,1.7,70,24.2,Normal
Female,23,1.66,60,21.8,Normal
Female,21,1.52,42,18.2,Underweight
Female,21,1.52,42,18.2,Underweight
Male,23,1.72,70,23.7,Normal
Female,21,1.69,63,22.1,Normal
Male,22,1.7,66.4,23.0,Normal
Female,21,1.55,57,23.7,Normal
Female,22,1.65,58,21.3,Normal
Female,38,1.56,80,32.9,Obesity
Female,25,1.57,55,22.3,Normal
Female,25,1.57,55,22.3,Normal
Male,22,1.88,90,25.5,Overweight
Male,22,1.75,95,31.0,Obesity
Female,21,1.65,88,32.3,Obesity
Male,21,1.75,75,24.5,Normal
Female,22,1.58,58,23.2,Normal
Female,18,1.56,51,21.0,Normal
Female,22,1.5,49,21.8,Normal
Female,19,1.61,62,23.9,Normal
Female,17,1.75,57,18.6,Normal
Female,15,1.65,86,31.6,Obesity
Female,17,1.7,85,29.4,Overweight
Male,23,1.62,53,20.2,Normal
Female,19,1.63,76,28.6,Overweight
Female,23,1.67,75,26.9,Overweight
Male,23,1.87,95,27.2,Overweight
Male,21,1.75,50,16.3,Underweight
Male,24,1.66,67,24.3,Normal
Male,23,1.76,90,29.1,Overweight
Male,18,1.75,80,26.1,Overweight
Male,19,1.67,68,24.4,Normal
Female,19,1.65,61,22.4,Normal
Male,20,1.72,70,23.7,Normal
Male,27,1.7,78,27.0,Overweight
Female,20,1.58,53,21.2,Normal
Male,23,1.62,58,22.1,Normal
Female,19,1.65,56,20.6,Normal
Female,61,1.65,66,24.2,Normal
Male,30,1.77,109,34.8,Obesity
Male,24,1.7,75,26.0,Overweight
Male,25,1.79,72,22.5,Normal
Male,44,1.6,80,31.3,Obesity
Male,31,1.76,75,24.2,Normal
Male,25,1.7,68,23.5,Normal
Male,23,1.89,65,18.2,Underweight
Male,25,1.87,66,18.9,Normal
Male,23,1.74,93.5,30.9,Obesity
Female,34,1.68,75,26.6,Overweight
Male,22,1.61,67,25.8,Overweight
Male,21,1.62,70,26.7,Overweight
Female,24,1.56,51,21.0,Normal
Female,36,1.63,80,30.1,Obesity
Female,27,1.6,61,23.8,Normal
Female,32,1.67,90,32.3,Obesity
Male,25,1.78,78,24.6,Normal
Female,30,1.62,59,22.5,Normal
Female,38,1.5,60,26.7,Overweight
Male,34,1.69,84,29.4,Overweight
Male,22,1.74,94,31.0,Obesity
Female,31,1.68,63,22.3,Normal
Female,35,1.53,45,19.2,Normal
Male,21,1.67,60,21.5,Normal
Female,40,1.55,62,25.8,Overweight
Male,27,1.64,78,29.0,Overweight
Male,20,1.83,72,21.5,Normal
Male,55,1.65,80,29.4,Overweight
Female,21,1.63,60,22.6,Normal
Male,25,1.89,75,21.0,Normal
Male,35,1.77,85,27.1,Overweight
Male,30,1.92,130,35.3,Obesity
Female,29,1.74,72,23.8,Normal
Male,20,1.65,80,29.4,Overweight
Female,22,1.73,79,26.4,Overweight
Female,45,1.63,77,29.0,Overweight
Male,22,1.72,82,27.7,Overweight
Male,18,1.6,58,22.7,Normal
Female,23,1.65,59,21.7,Normal
Male,18,1.74,64,21.1,Normal
Male,21,1.62,70,26.7,Overweight
Female,38,1.64,59.8,22.2,Normal
Female,18,1.57,48,19.5,Normal
Male,22,1.84,84,24.8,Normal
Male,26,1.91,84,23.0,Normal
Male,21,1.62,70,26.7,Overweight
Female,18,1.58,48,19.2,Normal
Female,23,1.68,67,23.7,Normal
Female,22,1.68,52,18.4,Underweight
Female,23,1.48,60,27.4,Overweight
Male,21,1.62,70,26.7,Overweight
Female,31,1.62,68,25.9,Overweight
Male,39,1.78,96,30.3,Obesity
Male,25,1.78,98,30.9,Obesity
Male,35,1.78,105,33.1,Obesity
Female,33,1.63,62,23.3,Normal
Male,20,1.6,56,21.9,Normal
Male,26,1.75,80,26.1,Overweight
Male,20,1.83,85,25.4,Overweight
Male,20,1.78,68,21.5,Normal
Female,23,1.6,83,32.4,Obesity
Male,19,1.8,85,26.2,Overweight
Male,22,1.75,74,24.2,Normal
Male,41,1.75,118,38.5,Obesity
Female,18,1.59,40,15.8,Underweight
Female,23,1.66,60,21.8,Normal
Female,23,1.63,83,31.2,Obesity
Female,41,1.54,80,33.7,Obesity
Female,26,1.56,102,41.9,Obesity
Male,29,1.69,90,31.5,Obesity
Male,27,1.83,71,21.2,Normal
Female,23,1.6,78,30.5,Obesity
Male,19,1.75,100,32.7,Obesity
Male,30,1.75,73,23.8,Normal
Female,22,1.69,65,22.8,Normal
Female,22,1.69,65,22.8,Normal
Male,20,1.8,114,35.2,Obesity
Female,21,1.63,51,19.2,Normal
Female,24,1.5,63,28.0,Overweight
Male,21,1.8,62,19.1,Normal
Male,21,1.65,53,19.5,Normal
Male,21,1.68,70,24.8,Normal
Female,23,1.6,63,24.6,Normal
Male,21,1.71,75,25.6,Overweight
Female,21,1.5,42.3,18.8,Normal
Female,21,1.6,68,26.6,Overweight
Female,21,1.75,78,25.5,Overweight
Male,23,1.72,82,27.7,Overweight
Female,21,1.72,66.5,22.5,Normal
Female,22,1.61,63,24.3,Normal
Female,23,1.63,82,30.9,Obesity
Male,25,1.83,121,36.1,Obesity
Female,20,1.6,50,19.5,Normal
Female,24,1.62,58,22.1,Normal
Female,40,1.68,80,28.3,Overweight
Male,32,1.75,120,39.2,Obesity
Male,20,1.9,91,25.2,Overweight
Female,21,1.63,66,24.8,Normal
Female,51,1.59,50,19.8,Normal
Female,34,1.68,77,27.3,Overweight
Female,19,1.59,49,19.4,Normal
Female,19,1.69,70,24.5,Normal
Female,21,1.66,59,21.4,Normal
Female,19,1.64,53,19.7,Normal
Female,20,1.62,53,20.2,Normal
Female,19,1.7,64,22.1,Normal
Female,17,1.63,65,24.5,Normal
Male,22,1.6,66,25.8,Overweight
Female,20,1.63,64,24.1,Normal
Male,33,1.85,99,28.9,Overweight
Female,21,1.54,49,20.7,Normal
Female,20,1.64,49,18.2,Underweight
Female,20,1.57,60,24.3,Normal
Female,20,1.62,52,19.8,Normal
Male,21,1.72,72,24.3,Normal
Male,21,1.76,78,25.2,Overweight
Female,20,1.65,75,27.5,Overweight
Male,20,1.67,78,28.0,Overweight
Male,56,1.79,90,28.1,Overweight
Female,26,1.59,47,18.6,Normal
Female,22,1.64,56,20.8,Normal
Male,19,1.78,81,25.6,Overweight
Male,18,1.75,85,27.8,Overweight
Male,19,1.85,115,33.6,Obesity
Male,18,1.7,80,27.7,Overweight
Female,18,1.67,91,32.6,Obesity
Male,21,1.72,75,25.4,Overweight
Female,28,1.7,73,25.3,Overweight
Male,18,1.74,70,23.1,Normal
Male,23,1.74,53,17.5,Underweight
Male,18,1.87,67,19.2,Normal
Male,18,1.7,50,17.3,Underweight
Female,39,1.65,50,18.4,Underweight
Male,38,1.7,78,27.0,Overweight
Male,17,1.67,60,21.5,Normal
Male,23,1.72,66,22.3,Normal
Male,23,1.82,107,32.3,Obesity
Female,19,1.5,50,22.2,Normal
Male,18,1.7,60,20.8,Normal
Male,25,1.71,71,24.3,Normal
Female,25,1.61,61,23.5,Normal
Female,18,1.5,50,22.2,Normal
Male,16,1.67,50,17.9,Underweight
Male,21,1.82,67,20.2,Normal
Female,32,1.57,57,23.1,Normal
Male,18,1.79,52,16.2,Underweight
Male,21,1.75,62,20.2,Normal
Male,18,1.7,55,19.0,Normal
Female,18,1.62,55,21.0,Normal
Male,17,1.69,60,21.0,Normal
Male,20,1.77,70,22.3,Normal
Male,21,1.79,105,32.8,Obesity
Female,21,1.6,61,23.8,Normal
Female,18,1.6,58,22.7,Normal
Female,17,1.56,51,21.0,Normal
Male,19,1.88,79,22.4,Normal
Male,16,1.82,71,21.4,Normal
Male,17,1.8,58,17.9,Underweight
Male,21,1.7,65,22.5,Normal
Male,19,1.82,75,22.6,Normal
Male,18,1.86,110,31.8,Obesity
Female,16,1.66,58,21.0,Normal
Female,21,1.53,53,22.6,Normal
Male,26,1.74,80,26.4,Overweight
Male,18,1.8,80,24.7,Normal
Male,23,1.7,75,26.0,Overweight
Male,26,1.7,70,24.2,Normal
Male,18,1.72,55,18.6,Normal
Male,16,1.84,45,13.3,Underweight
Female,16,1.57,49,19.9,Normal
Male,20,1.8,85,26.2,Overweight
Male,23,1.75,120,39.2,Obesity
Female,24,1.56,60,24.7,Normal
Female,23,1.59,48,19.0,Normal
Male,20,1.8,75,23.1,Normal
Female,16,1.66,58,21.0,Normal
Male,17,1.79,57,17.8,Underweight
Male,17,1.72,62,21.0,Normal
Female,16,1.6,57,22.3,Normal
Male,17,1.66,56,20.3,Normal
Female,26,1.65,63,23.1,Normal
Male,26,1.7,72,24.9,Normal
Male,38,1.75,75,24.5,Normal
Male,18,1.75,70,22.9,Normal
Female,25,1.56,45,18.5,Underweight
Female,27,1.55,63,26.2,Overweight
Male,21,1.67,67,24.0,Normal
Male,38,1.75,75,24.5,Normal
Female,23,1.75,56,18.3,Underweight
Male,18,1.8,72,22.2,Normal
Female,30,1.65,71,26.1,Overweight
Female,21,1.55,58,24.1,Normal
Male,18,1.7,55.3,19.1,Normal
Male,23,1.72,76,25.7,Overweight
Male,19,1.74,74,24.4,Normal
Female,19,1.65,82,30.1,Obesity
Female,17,1.8,50,15.4,Underweight
Male,17,1.74,56,18.5,Underweight
Male,27,1.85,75,21.9,Normal
Female,23,1.7,56,19.4,Normal
Female,18,1.45,53,25.2,Overweight
Male,19,1.7,50,17.3,Underweight
Male,20,1.7,65,22.5,Normal
Male,18,1.78,64.4,20.3,Normal
Female,17,1.6,65,25.4,Overweight
Female,19,1.53,42,17.9,Underweight
Male,21,1.8,72,22.2,Normal
Male,20,1.6,50,19.5,Normal
Male,23,1.74,105,34.7,Obesity
Male,23,1.65,66,24.2,Normal
Male,18,1.87,173,49.5,Obesity
Male,17,1.7,55,19.0,Normal
Female,21,1.54,47,19.8,Normal
Male,17,1.8,97,29.9,Overweight
Male,18,1.82,80,24.2,Normal
Male,20,1.98,125,31.9,Obesity
Male,17,1.75,70,22.9,Normal
Female,26,1.65,60,22.0,Normal
Female,17,1.6,53,20.7,Normal
Female,24,1.6,51,19.9,Normal
Female,17,1.6,59,23.0,Normal
Female,27,1.55,62,25.8,Overweight
Male,17,1.9,60,16.6,Underweight
Female,17,1.7,56,19.4,Normal
Male,41,1.75,110,35.9,Obesity
Female,33,1.56,48,19.7,Normal
Male,20,1.87,75,21.4,Normal
Female,40,1.56,80,32.9,Obesity
Female,37,1.65,73,26.8,Overweight
Male,19,1.8,80,24.7,Normal
Male,24,1.84,86,25.4,Overweight
Male,24,1.7,68,23.5,Normal
Male,33,1.72,83,28.1,Overweight
Female,40,1.58,63,25.2,Overweight
Female,37,1.68,83,29.4,Overweight
Male,20,1.58,74,29.6,Overweight
Male,19,1.8,60,18.5,Normal
Male,17,1.62,69,26.3,Overweight
Female,18,1.62,58,22.1,Normal
Female,21,1.54,56,23.6,Normal
Male,18,1.76,70,22.6,Normal
Male,41,1.8,92,28.4,Overweight
Female,36,1.58,60,24.0,Normal
Male,18,1.76,68,22.0,Normal
Male,18,1.73,70,23.4,Normal
Male,17,1.7,70,24.2,Normal
Male,25,1.7,83,28.7,Overweight
Male,21,1.8,75,23.1,Normal
Female,29,1.6,56,21.9,Normal
Male,17,1.7,98,33.9,Obesity
Female,18,1.6,60,23.4,Normal
Female,16,1.55,45,18.7,Normal
Female,18,1.59,53,21.0,Normal
Female,37,1.5,75,33.3,Obesity
Male,18,1.78,108,34.1,Obesity
Female,16,1.61,65,25.1,Overweight
Male,23,1.71,50,17.1,Underweight
Female,18,1.7,50,17.3,Underweight
Male,18,1.76,69.5,22.4,Normal
Male,18,1.7,78,27.0,Overweight
Female,17,1.53,55,23.5,Normal
Female,20,1.54,39,16.4,Underweight
Female,38,1.55,59,24.6,Normal
Male,20,1.66,60,21.8,Normal
Male,21,1.85,125,36.5,Obesity
Male,21,1.65,60,22.0,Normal
Male,18,1.65,70,25.7,Overweight
Male,26,1.83,82,24.5,Normal
Male,27,1.83,99,29.6,Overweight
Female,26,1.66,112,40.6,Obesity
Male,34,1.78,73,23.0,Normal
Male,18,1.74,86,28.4,Overweight
Male,33,1.76,66.5,21.5,Normal
Female,19,1.51,59,25.9,Overweight
Male,20,1.81,79,24.1,Normal
Female,33,1.55,55,22.9,Normal
Male,20,1.83,66,19.7,Normal
Female,20,1.6,65,25.4,Overweight
Male,33,1.85,85,24.8,Normal
Male,33,1.75,85,27.8,Overweight
Male,33,1.83,113,33.7,Obesity
Male,14,1.71,72,24.6,Normal
Male,34,1.84,88,26.0,Overweight
Male,18,1.77,87,27.8,Overweight
Male,18,1.7,90,31.1,Obesity
Male,29,1.62,89,33.9,Obesity
Male,18,1.85,60,17.5,Underweight
Male,18,1.84,60,17.7,Underweight
Male,19,1.75,58,18.9,Normal
Male,33,1.85,93,27.2,Overweight
Male,33,1.74,76,25.1,Overweight
Female,19,1.61,53.8,20.8,Normal
Male,22,1.75,70,22.9,Normal
Female,20,1.67,60,21.5,Normal
Male,23,1.7,69,23.9,Normal
Male,26,1.9,80,22.2,Normal
Male,18,1.65,85,31.2,Obesity
Female,18,1.6,55,21.5,Normal
Male,19,1.8,70,21.6,Normal
Female,18,1.64,59,21.9,Normal
Male,19,1.89,87,24.4,Normal
Female,19,1.76,80,25.8,Overweight
Female,18,1.56,55,22.6,Normal
Female,18,1.6,56,21.9,Normal
Female,19,1.67,64,22.9,Normal
Female,19,1.6,60,23.4,Normal
Female,18,1.55,56,23.3,Normal
Female,18,1.55,50,20.8,Normal
Male,26,1.72,65,22.0,Normal
Male,18,1.72,53,17.9,Underweight
Male,19,1.7,60,20.8,Normal
Female,19,1.51,45,19.7,Normal
Male,19,1.83,82,24.5,Normal
Male,19,1.8,87,26.9,Overweight
Female,24,1.6,100.5,39.3,Obesity
Female,18,1.63,63,23.7,Normal
Male,19,1.71,71,24.3,Normal
Male,19,1.7,65,22.5,Normal
Male,23,1.75,69,22.5,Normal
Female,18,1.62,50,19.1,Normal
Female,20,1.68,68,24.1,Normal
Male,18,1.85,66,19.3,Normal
Female,33,1.59,60,23.7,Normal
Female,19,1.5,45,20.0,Normal
Male,19,1.69,60,21.0,Normal
Male,19,1.76,79,25.5,Overweight
Female,18,1.62,55,21.0,Normal
Male,21,1.71,100,34.2,Obesity
Male,27,1.72,88,29.7,Overweight
Male,17,1.8,68,21.0,Normal
Male,18,1.93,86,23.1,Normal
Female,18,1.6,51,19.9,Normal
Male,22,1.74,75,24.8,Normal
Male,22,1.74,75,24.8,Normal
Female,20,1.62,45,17.1,Underweight
Female,19,1.54,42,17.7,Underweight
Female,20,1.56,51.5,21.2,Normal
Female,18,1.6,83,32.4,Obesity
Female,18,1.54,71,29.9,Overweight
Female,18,1.63,51,19.2,Normal
Male,19,1.78,64,20.2,Normal
Female,18,1.62,68,25.9,Overweight
Female,18,1.71,75,25.6,Overweight
Female,18,1.64,56,20.8,Normal
Male,19,1.69,65,22.8,Normal
Female,17,1.58,50,20.0,Normal
Female,18,1.57,50,20.3,Normal
Male,18,1.74,64,21.1,Normal
Female,20,1.58,53.5,21.4,Normal
Female,18,1.5,58,25.8,Overweight
Female,36,1.65,80,29.4,Overweight
Male,21,1.8,73,22.5,Normal
Male,23,1.75,75,24.5,Normal
Male,20,1.84,104,30.7,Obesity
Male,21,1.88,84,23.8,Normal
Female,19,1.56,50,20.5,Normal
Male,24,1.75,84,27.4,Overweight
Male,25,1.66,68,24.7,Normal
Male,45,1.7,86,29.8,Overweight
Male,20,1.8,65,20.1,Normal
Female,18,1.67,66,23.7,Normal
Male,19,1.8,60,18.5,Normal
Male,18,1.72,53,17.9,Underweight
Male,20,1.56,45,18.5,Underweight
Female,25,1.69,104.6,36.6,Obesity
Female,19,1.68,126.7,44.9,Obesity
Female,26,1.62,110.8,42.2,Obesity
Female,22,1.76,137.8,44.5,Obesity
Female,22,1.84,165.1,48.8,Obesity
Female,18,1.75,133,43.4,Obesity
Female,26,1.63,111.5,42.0,Obesity
Female,26,1.63,104.8,39.4,Obesity
Female,22,1.77,134,42.8,Obesity
Male,20,1.74,54.9,18.1,Underweight
Male,17,1.77,55.7,17.8,Underweight
Male,22,1.75,55.9,18.3,Underweight
Female,22,1.68,51.2,18.1,Underweight
Female,21,1.67,49.9,17.9,Underweight
Female,22,1.71,52,17.8,Underweight
Female,21,1.6,44.8,17.5,Underweight
Female,22,1.6,42.8,16.7,Underweight
Female,22,1.57,43.9,17.8,Underweight
Female,21,1.59,43.1,17.0,Underweight
Female,23,1.6,44.6,17.4,Underweight
Female,24,1.6,45,17.6,Underweight
Female,19,1.69,45,15.8,Underweight
Female,19,1.56,42.3,17.4,Underweight
Female,19,1.56,42.1,17.3,Underweight
Female,20,1.57,41.3,16.8,Underweight
Female,21,1.52,42,18.2,Underweight
Female,20,1.55,44.6,18.6,Normal
Female,20,1.52,42,18.2,Underweight
Female,20,1.53,42,17.9,Underweight
Female,21,1.52,42,18.2,Underweight
Female,22,1.73,50.9,17.0,Underweight
Female,21,1.72,50.8,17.2,Underweight
Female,20,1.73,50,16.7,Underweight
Male,23,1.88,64.1,18.1,Underweight
Male,23,1.85,63.6,18.6,Normal
Male,23,1.84,58.9,17.4,Underweight
Male,18,1.76,52,16.8,Underweight
Male,22,1.71,51.6,17.6,Underweight
Male,18,1.69,52,18.2,Underweight
Female,19,1.59,41.5,16.4,Underweight
Female,19,1.58,41.9,16.8,Underweight
Female,19,1.56,41.4,17.0,Underweight
Female,20,1.67,49.7,17.8,Underweight
Female,20,1.69,49.7,17.4,Underweight
Female,20,1.66,49,17.8,Underweight
Female,23,1.71,50.3,17.2,Underweight
Female,20,1.76,53.7,17.3,Underweight
Female,23,1.73,51.4,17.2,Underweight
Female,19,1.66,49.8,18.1,Underweight
Female,19,1.7,50,17.3,Underweight
Female,19,1.66,49.9,18.1,Underweight
Female,30,1.61,49.5,19.1,Normal
Female,32,1.64,46.7,17.4,Underweight
Female,24,1.65,49.8,18.3,Underweight
Male,17,1.71,51.6,17.6,Underweight
Male,16,1.75,50,16.3,Underweight
Male,16,1.69,52.6,18.4,Underweight
Male,18,1.75,51.5,16.8,Underweight
Male,18,1.78,50.9,16.1,Underweight
Male,18,1.76,52.3,16.9,Underweight
Male,17,1.84,58.9,17.4,Underweight
Male,20,1.77,57.8,18.4,Underweight
Male,18,1.78,57.1,18.0,Underweight
Female,17,1.64,43.4,16.1,Underweight
Female,17,1.58,44.4,17.8,Underweight
Female,16,1.82,47.1,14.2,Underweight
Male,18,1.79,59.7,18.6,Normal
Male,17,1.81,59,18.0,Underweight
Male,19,1.77,55.7,17.8,Underweight
Female,22,1.7,55,19.0,Normal
Female,21,1.76,55,17.8,Underweight
Female,23,1.74,54.2,17.9,Underweight
Female,19,1.74,49.6,16.4,Underweight
Female,17,1.65,49.6,18.2,Underweight
Female,19,1.77,49.6,15.8,Underweight
Female,18,1.7,50,17.3,Underweight
Female,20,1.7,49.7,17.2,Underweight
Female,18,1.74,50,16.5,Underweight
Female,20,1.59,42.4,16.8,Underweight
Female,20,1.53,42,17.9,Underweight
Female,19,1.53,42,17.9,Underweight
Male,17,1.85,59.4,17.4,Underweight
Male,17,1.82,59.3,17.9,Underweight
Male,19,1.86,59.3,17.1,Underweight
Female,23,1.72,50,16.9,Underweight
Female,22,1.68,49.9,17.7,Underweight
Female,23,1.72,51.1,17.3,Underweight
Female,17,1.71,50,17.1,Underweight
Female,18,1.7,50,17.3,Underweight
Female,18,1.7,50,17.3,Underweight
Female,19,1.57,39.9,16.2,Underweight
Female,20,1.53,39.4,16.8,Underweight
Female,20,1.53,40.3,17.2,Underweight
Male,20,1.77,56.3,18.0,Underweight
Male,18,1.88,60,17.0,Underweight
Male,18,1.82,58.6,17.7,Underweight
Male,18,1.84,60,17.7,Underweight
Male,17,1.82,58.3,17.6,Underweight
Male,17,1.8,59.6,18.4,Underweight
Male,18,1.71,50.9,17.4,Underweight
Male,18,1.71,51.1,17.5,Underweight
Male,18,1.72,51.1,17.3,Underweight
Female,19,1.56,44.2,18.2,Underweight
Female,19,1.6,45,17.6,Underweight
Female,20,1.6,45,17.6,Underweight
Female,19,1.54,42,17.7,Underweight
Female,19,1.54,42,17.7,Underweight
Female,19,1.52,42,18.2,Underweight
Male,18,1.72,51.7,17.5,Underweight
Male,18,1.75,54.1,17.7,Underweight
Male,18,1.7,50.2,17.4,Underweight
Male,20,1.75,55,18.0,Underweight
Female,22,1.67,50,17.9,Underweight
Female,22,1.59,44.1,17.4,Underweight
Female,23,1.58,44.4,17.8,Underweight
Female,19,1.6,45,17.6,Underweight
Female,21,1.55,41.6,17.3,Underweight
Female,20,1.53,42,17.9,Underweight
Female,21,1.73,49.8,16.6,Underweight
Male,20,1.87,63.2,18.1,Underweight
Female,21,1.69,51.3,18.0,Underweight
Female,18,1.59,40.2,15.9,Underweight
Female,20,1.65,49,18.0,Underweight
Female,23,1.74,53.7,17.7,Underweight
Female,18,1.7,50,17.3,Underweight
Female,35,1.69,50,17.5,Underweight
Male,16,1.69,50,17.5,Underweight
Male,18,1.79,51.6,16.1,Underweight
Male,17,1.81,58.8,17.9,Underweight
Female,17,1.83,43.5,13.0,Underweight
Male,17,1.78,56,17.7,Underweight
Female,23,1.75,56,18.3,Underweight
Female,18,1.79,50,15.6,Underweight
Female,19,1.71,50,17.1,Underweight
Female,19,1.54,42,17.7,Underweight
Male,17,1.9,59.9,16.6,Underweight
Female,23,1.71,50.1,17.1,Underweight
Female,18,1.7,50.6,17.5,Underweight
Female,19,1.56,39.7,16.3,Underweight
Male,18,1.85,60,17.5,Underweight
Male,17,1.83,60,17.9,Underweight
Male,18,1.72,52.5,17.7,Underweight
Female,20,1.61,44.7,17.2,Underweight
Female,19,1.53,42,17.9,Underweight
Male,18,1.72,52.1,17.6,Underweight
Male,20,1.76,55,17.8,Underweight
Male,18,1.77,55.7,17.8,Underweight
Female,21,1.77,56.3,18.0,Underweight
Female,22,1.7,51.4,17.8,Underweight
Female,21,1.67,49.8,17.9,Underweight
Female,23,1.72,51.9,17.5,Underweight
Female,22,1.59,44.2,17.5,Underweight
Female,23,1.6,43,16.8,Underweight
Female,22,1.59,44,17.4,Underweight
Female,21,1.56,42.4,17.4,Underweight
Female,23,1.6,44.6,17.4,Underweight
Female,22,1.6,44.9,17.5,Underweight
Female,19,1.63,45,16.9,Underweight
Female,19,1.56,42.1,17.3,Underweight
Female,19,1.55,42.1,17.5,Underweight
Female,20,1.57,41.7,16.9,Underweight
Female,21,1.52,42,18.2,Underweight
Female,20,1.6,44.8,17.5,Underweight
Female,20,1.56,42,17.3,Underweight
Female,21,1.52,42,18.2,Underweight
Female,21,1.52,42,18.2,Underweight
Female,22,1.69,51.1,17.9,Underweight
Female,21,1.74,50.5,16.7,Underweight
Female,19,1.73,50,16.7,Underweight
Male,22,1.87,61.4,17.6,Underweight
Male,19,1.85,61.3,17.9,Underweight
Male,21,1.79,58.6,18.3,Underweight
Male,18,1.79,52,16.2,Underweight
Female,22,1.71,51.7,17.7,Underweight
Male,18,1.7,51.7,17.9,Underweight
Female,19,1.53,41.7,17.8,Underweight
Female,19,1.57,41.9,17.0,Underweight
Female,19,1.54,41.5,17.5,Underweight
Female,19,1.67,49.8,17.9,Underweight
Female,20,1.68,49.1,17.4,Underweight
Female,20,1.67,49.1,17.6,Underweight
Female,22,1.7,50.2,17.4,Underweight
Male,20,1.76,54.6,17.6,Underweight
Female,23,1.7,51.6,17.9,Underweight
Female,19,1.69,49.9,17.5,Underweight
Female,18,1.71,50,17.1,Underweight
Female,19,1.67,49.7,17.8,Underweight
Female,27,1.66,49.6,18.0,Underweight
Female,25,1.63,46.1,17.4,Underweight
Female,23,1.66,50.4,18.3,Underweight
Male,18,1.73,51.2,17.1,Underweight
Female,17,1.74,50,16.5,Underweight
Male,18,1.76,52.1,16.8,Underweight
Male,18,1.79,51.5,16.1,Underweight
Male,18,1.77,51.1,16.3,Underweight
Male,18,1.7,52.1,18.0,Underweight
Male,17,1.83,58.9,17.6,Underweight
Male,20,1.79,58.2,18.2,Underweight
Male,19,1.78,57.3,18.1,Underweight
Female,19,1.61,42.7,16.5,Underweight
Female,17,1.78,44.8,14.1,Underweight
Female,17,1.71,45.2,15.5,Underweight
Male,18,1.85,59.9,17.5,Underweight
Male,17,1.82,59.6,18.0,Underweight
Male,20,1.76,55.5,17.9,Underweight
Female,23,1.73,54.8,18.3,Underweight
Male,21,1.76,55,17.8,Underweight
Female,23,1.74,54.9,18.1,Underweight
Female,19,1.73,49.7,16.6,Underweight
Female,17,1.75,49.9,16.3,Underweight
Female,19,1.76,49.7,16.0,Underweight
Female,18,1.7,50.1,17.3,Underweight
Female,20,1.7,50,17.3,Underweight
Female,18,1.72,50,16.9,Underweight
Female,19,1.59,42.5,16.8,Underweight
Female,21,1.52,42,18.2,Underweight
Female,19,1.52,42,18.2,Underweight
Male,17,1.84,59.3,17.5,Underweight
Male,17,1.85,59.6,17.4,Underweight
Male,18,1.85,59.2,17.3,Underweight
Female,21,1.72,50,16.9,Underweight
Female,22,1.7,50.2,17.4,Underweight
Female,22,1.72,51.5,17.4,Underweight
Female,18,1.71,50,17.1,Underweight
Female,18,1.76,50.3,16.2,Underweight
Female,18,1.7,50,17.3,Underweight
Female,19,1.57,41.2,16.7,Underweight
Female,20,1.54,39.1,16.5,Underweight
Female,20,1.53,41.3,17.6,Underweight
Male,20,1.76,55.4,17.9,Underweight
Male,18,1.84,60,17.7,Underweight
Male,18,1.86,58.7,17.0,Underweight
Male,18,1.83,59.9,17.9,Underweight
Male,17,1.82,58.4,17.6,Underweight
Male,17,1.81,59.2,18.1,Underweight
Male,18,1.71,50.7,17.3,Underweight
Male,18,1.71,51.3,17.5,Underweight
Male,18,1.74,51,16.8,Underweight
Female,19,1.57,44.3,18.0,Underweight
Female,19,1.58,44.8,17.9,Underweight
Female,20,1.6,45,17.6,Underweight
Female,20,1.54,42,17.7,Underweight
Female,19,1.53,42,17.9,Underweight
Female,19,1.53,42,17.9,Underweight
Male,18,1.72,52.3,17.7,Underweight
Male,18,1.72,53.8,18.2,Underweight
Male,18,1.74,50.2,16.6,Underweight
Male,27,1.82,87,26.3,Overweight
Male,21,1.64,70,26.0,Overweight
Male,25,1.81,85.6,26.1,Overweight
Male,22,1.7,75.6,26.2,Overweight
Male,21,1.62,68.9,26.3,Overweight
Male,19,1.86,89,25.7,Overweight
Female,42,1.72,82.9,28.0,Overweight
Male,21,1.86,86.4,25.0,Normal
Male,22,1.7,75,26.0,Overweight
Female,19,1.75,80,26.1,Overweight
Male,24,1.7,75,26.0,Overweight
Female,34,1.64,74.8,27.8,Overweight
Female,22,1.61,68.1,26.3,Overweight
Male,21,1.61,68.2,26.3,Overweight
Female,35,1.53,62.9,26.9,Overweight
Female,37,1.55,62.3,25.9,Overweight
Female,22,1.73,78.2,26.1,Overweight
Male,23,1.63,70,26.3,Overweight
Male,21,1.62,70,26.7,Overweight
Male,21,1.62,70,26.7,Overweight
Female,31,1.63,68.8,25.9,Overweight
Male,21,1.75,79.1,25.8,Overweight
Male,20,1.82,85.8,25.9,Overweight
Male,20,1.81,85,25.9,Overweight
Male,21,1.71,75,25.6,Overweight
Male,21,1.61,67.7,26.1,Overweight
Female,23,1.72,76,25.7,Overweight
Male,20,1.83,89.7,26.8,Overweight
Female,22,1.6,66.4,25.9,Overweight
Female,21,1.75,77.9,25.4,Overweight
Male,18,1.78,80.3,25.3,Overweight
Male,21,1.71,75,25.6,Overweight
Female,29,1.67,71.6,25.7,Overweight
Male,26,1.76,82.2,26.5,Overweight
Male,23,1.71,75,25.6,Overweight
Male,20,1.81,85.1,26.0,Overweight
Female,24,1.6,64.8,25.3,Overweight
Female,33,1.72,72.7,24.6,Normal
Male,23,1.71,75.5,25.8,Overweight
Female,17,1.55,54.9,22.9,Normal
Female,16,1.6,65,25.4,Overweight
Female,24,1.59,62.3,24.6,Normal
Female,35,1.67,73.2,26.2,Overweight
Male,23,1.86,88.7,25.6,Overweight
Female,37,1.59,63.3,25.0,Overweight
Male,19,1.62,69.5,26.5,Overweight
Female,16,1.62,67.2,25.6,Overweight
Female,18,1.64,70,26.0,Overweight
Female,19,1.55,60.6,25.2,Overweight
Female,17,1.6,65,25.4,Overweight
Male,30,1.82,87.7,26.5,Overweight
Female,32,1.66,73.6,26.7,Overweight
Male,18,1.75,80,26.1,Overweight
Male,19,1.86,88.1,25.5,Overweight
Female,19,1.76,79.5,25.7,Overweight
Female,18,1.64,68.4,25.4,Overweight
Female,18,1.74,76.7,25.3,Overweight
Female,20,1.51,64.3,28.2,Overweight
Male,28,1.81,87.3,26.6,Overweight
Male,27,1.8,87,26.9,Overweight
Male,21,1.63,70,26.3,Overweight
Male,22,1.64,70,26.0,Overweight
Male,27,1.79,83.3,26.0,Overweight
Male,22,1.68,75,26.6,Overweight
Female,21,1.62,68.7,26.2,Overweight
Female,21,1.62,68.8,26.2,Overweight
Male,20,1.82,86.5,26.1,Overweight
Male,19,1.81,86.7,26.5,Overweight
Female,42,1.77,75.6,24.1,Normal
Male,22,1.87,89.3,25.5,Overweight
Male,21,1.86,89.6,25.9,Overweight
Male,23,1.67,75,26.9,Overweight
Male,23,1.72,75.9,25.7,Overweight
Male,19,1.75,79.8,26.1,Overweight
Male,23,1.71,75.3,25.8,Overweight
Female,33,1.67,74.8,26.8,Overweight
Female,33,1.68,75,26.6,Overweight
Female,22,1.61,67.9,26.2,Overweight
Female,22,1.61,68.1,26.3,Overweight
Male,21,1.62,70,26.7,Overweight
Female,37,1.51,63.2,27.7,Overweight
Female,40,1.56,62.9,25.8,Overweight
Female,39,1.55,63,26.2,Overweight
Female,22,1.73,78.6,26.3,Overweight
Female,21,1.74,78.9,26.1,Overweight
Male,21,1.62,70,26.7,Overweight
Male,21,1.62,70,26.7,Overweight
Male,21,1.62,70,26.7,Overweight
Male,21,1.62,70,26.7,Overweight
Male,21,1.62,70,26.7,Overweight
Female,29,1.64,69.9,26.0,Overweight
Female,31,1.69,71.9,25.2,Overweight
Male,23,1.75,79.4,25.9,Overweight
Male,26,1.75,80,26.1,Overweight
Male,20,1.82,85,25.7,Overweight
Male,20,1.81,85.1,26.0,Overweight
Male,20,1.8,85,26.2,Overweight
Male,19,1.81,85.3,26.0,Overweight
Male,22,1.7,75.1,26.0,Overweight
Female,22,1.6,68,26.6,Overweight
Female,21,1.61,68.1,26.3,Overweight
Female,21,1.75,78,25.5,Overweight
Female,21,1.75,78,25.5,Overweight
Male,19,1.86,87.1,25.2,Overweight
Male,22,1.9,90.5,25.1,Overweight
Male,22,1.61,66.6,25.7,Overweight
Female,21,1.76,78.4,25.3,Overweight
Female,21,1.76,78.3,25.3,Overweight
Female,19,1.78,80.1,25.3,Overweight
Male,21,1.71,75,25.6,Overweight
Male,21,1.68,75,26.6,Overweight
Female,28,1.7,74.2,25.7,Overweight
Male,29,1.77,82,26.2,Overweight
Male,26,1.75,80,26.1,Overweight
Male,23,1.69,75,26.3,Overweight
Male,20,1.82,85,25.7,Overweight
Female,22,1.58,65.4,26.2,Overweight
Female,30,1.65,73.6,27.0,Overweight
Female,31,1.65,69.2,25.4,Overweight
Male,23,1.71,75.4,25.8,Overweight
Female,18,1.46,55.5,26.0,Overweight
Female,18,1.5,55.4,24.6,Normal
Female,17,1.6,65,25.4,Overweight
Female,22,1.56,63.6,26.1,Overweight
Female,27,1.55,62.9,26.2,Overweight
Female,35,1.65,73.9,27.1,Overweight
Male,24,1.86,86.1,24.9,Normal
Male,23,1.85,87.1,25.4,Overweight
Female,40,1.57,62.2,25.2,Overweight
Female,16,1.62,67.9,25.9,Overweight
Female,17,1.64,67.4,25.1,Overweight
Female,16,1.61,65,25.1,Overweight
Female,18,1.65,68.8,25.3,Overweight
Female,19,1.62,70,26.7,Overweight
Female,20,1.51,61.1,26.8,Overweight
Female,19,1.52,60.3,26.1,Overweight
Female,18,1.6,65,25.4,Overweight
Male,33,1.84,87.9,26.0,Overweight
Female,33,1.73,75.9,25.4,Overweight
Female,19,1.76,80,25.8,Overweight
Female,19,1.76,80,25.8,Overweight
Male,19,1.8,85.2,26.3,Overweight
Male,19,1.81,86.1,26.3,Overweight
Female,21,1.76,78.7,25.4,Overweight
Female,19,1.76,80,25.8,Overweight
Female,18,1.62,69.4,26.4,Overweight
Female,21,1.71,75,25.6,Overweight
Female,17,1.54,57.3,24.2,Normal
Male,26,1.82,87,26.3,Overweight
Male,27,1.82,87.1,26.3,Overweight
Male,21,1.64,70,26.0,Overweight
Male,21,1.62,70,26.7,Overweight
Male,27,1.8,85.8,26.5,Overweight
Male,22,1.7,75.4,26.1,Overweight
Male,21,1.69,75.1,26.3,Overweight
Female,21,1.62,69,26.3,Overweight
Male,19,1.86,88.6,25.6,Overweight
Female,39,1.74,86.9,28.7,Overweight
Female,40,1.74,80.9,26.7,Overweight
Male,20,1.81,85.3,26.0,Overweight
Male,20,1.85,85.2,24.9,Normal
Male,21,1.71,75,25.6,Overweight
Female,19,1.75,80,26.1,Overweight
Male,24,1.72,75.4,25.5,Overweight
Male,23,1.68,75,26.6,Overweight
Female,34,1.68,74.9,26.5,Overweight
Female,22,1.6,68.1,26.6,Overweight
Female,21,1.62,68.9,26.3,Overweight
Male,21,1.61,68.9,26.6,Overweight
Male,21,1.61,69.5,26.8,Overweight
Female,39,1.55,62.3,25.9,Overweight
Female,39,1.57,62.9,25.5,Overweight
Female,37,1.53,62.4,26.7,Overweight
Female,22,1.73,79,26.4,Overweight
Female,22,1.73,78.4,26.2,Overweight
Male,22,1.63,70,26.3,Overweight
Male,21,1.62,70,26.7,Overweight
Male,21,1.62,70,26.7,Overweight
Male,21,1.62,70,26.7,Overweight
Female,30,1.64,69.2,25.7,Overweight
Female,31,1.68,71.8,25.4,Overweight
Female,21,1.76,79.5,25.7,Overweight
Male,20,1.82,85.1,25.7,Overweight
Male,20,1.82,85.3,25.8,Overweight
Male,22,1.7,75,26.0,Overweight
Female,21,1.61,67.8,26.2,Overweight
Female,22,1.61,68,26.2,Overweight
Male,23,1.71,75.1,25.7,Overweight
Male,23,1.72,75.7,25.6,Overweight
Male,20,1.83,89.4,26.7,Overweight
Female,22,1.61,67.1,25.9,Overweight
Female,22,1.6,66.1,25.8,Overweight
Female,21,1.75,78,25.5,Overweight
Female,21,1.74,78.7,26.0,Overweight
Male,19,1.78,80.1,25.3,Overweight
Male,21,1.71,75,25.6,Overweight
Male,21,1.69,75,26.3,Overweight
Female,29,1.66,71.2,25.8,Overweight
Male,24,1.78,82.3,26.0,Overweight
Male,26,1.77,82.7,26.4,Overweight
Male,23,1.7,75,26.0,Overweight
Male,20,1.81,85.3,26.0,Overweight
Female,22,1.6,65.4,25.5,Overweight
Female,32,1.67,72.9,26.1,Overweight
Male,23,1.7,75.1,26.0,Overweight
Male,23,1.71,75.8,25.9,Overweight
Female,17,1.49,53.6,24.1,Normal
Female,18,1.52,55.8,24.2,Normal
Female,16,1.62,65.1,24.8,Normal
Female,23,1.59,65.1,25.8,Overweight
Female,35,1.68,73.5,26.0,Overweight
Male,23,1.87,89.8,25.7,Overweight
Female,39,1.58,62.6,25.1,Overweight
Male,20,1.62,69.6,26.5,Overweight
Female,16,1.61,66.7,25.7,Overweight
Female,18,1.62,67.2,25.6,Overweight
Male,19,1.64,70,26.0,Overweight
Female,20,1.57,61.6,25.0,Normal
Female,20,1.54,63.9,26.9,Overweight
Female,17,1.6,65,25.4,Overweight
Female,17,1.6,65,25.4,Overweight
Male,29,1.77,87.1,27.8,Overweight
Female,32,1.65,74.1,27.2,Overweight
Female,32,1.65,73.8,27.1,Overweight
Male,18,1.75,80,26.1,Overweight
Male,20,1.84,89.5,26.4,Overweight
Male,20,1.82,87.7,26.5,Overweight
Female,19,1.76,79.3,25.6,Overweight
Female,18,1.62,68.3,26.0,Overweight
Female,18,1.73,75.8,25.3,Overweight
Female,18,1.73,76,25.4,Overweight
Female,20,1.54,64.7,27.3,Overweight
Male,21,1.77,89.3,28.5,Overweight
Male,22,1.75,89.1,29.1,Overweight
Male,21,1.67,80,28.7,Overweight
Male,21,1.72,80.6,27.2,Overweight
Male,33,1.91,101.5,27.8,Overweight
Male,31,1.74,82.5,27.2,Overweight
Male,30,1.7,82.2,28.4,Overweight
Male,21,1.72,80,27.0,Overweight
Male,23,1.65,80,29.4,Overweight
Female,29,1.58,65.5,26.2,Overweight
Male,39,1.78,85.7,27.0,Overweight
Male,35,1.82,91.6,27.7,Overweight
Female,20,1.53,65.2,27.9,Overweight
Female,22,1.48,61.4,28.0,Overweight
Male,19,1.77,87.8,28.0,Overweight
Female,21,1.57,69.7,28.3,Overweight
Female,21,1.57,67.9,27.5,Overweight
Male,22,1.79,90,28.1,Overweight
Male,23,1.8,89.9,27.7,Overweight
Female,23,1.7,80,27.7,Overweight
Female,23,1.67,80.5,28.9,Overweight
Male,25,1.7,84.7,29.3,Overweight
Male,24,1.71,84,28.7,Overweight
Female,25,1.7,78.1,27.0,Overweight
Male,31,1.84,91.1,26.9,Overweight
Male,24,1.7,80.8,28.0,Overweight
Female,29,1.7,78,27.0,Overweight
Male,18,1.7,83.2,28.8,Overweight
Female,19,1.66,77.3,28.1,Overweight
Male,26,1.84,96.2,28.4,Overweight
Male,23,1.82,93.1,28.1,Overweight
Male,23,1.72,85.3,28.8,Overweight
Male,23,1.79,90,28.1,Overweight
Female,25,1.7,80.7,27.9,Overweight
Male,34,1.68,83.6,29.6,Overweight
Female,27,1.66,78.6,28.5,Overweight
Male,55,1.77,80.5,25.7,Overweight
Male,35,1.77,85,27.1,Overweight
Male,22,1.65,80,29.4,Overweight
Male,18,1.65,80,29.4,Overweight
Female,42,1.65,79.2,29.1,Overweight
Male,22,1.69,80.5,28.2,Overweight
Female,29,1.53,65,27.8,Overweight
Female,25,1.57,64.8,26.3,Overweight
Female,22,1.5,63.7,28.3,Overweight
Female,23,1.51,64.8,28.4,Overweight
Male,23,1.7,81.3,28.1,Overweight
Male,23,1.72,81.7,27.6,Overweight
Female,38,1.7,79,27.3,Overweight
Female,37,1.65,80,29.4,Overweight
Female,34,1.68,77.4,27.4,Overweight
Female,34,1.65,77.1,28.3,Overweight
Male,31,1.85,99,28.9,Overweight
Male,34,1.84,96,28.4,Overweight
Female,19,1.56,71.7,29.5,Overweight
Female,19,1.62,72.1,27.5,Overweight
Male,20,1.7,78,27.0,Overweight
Male,51,1.75,82.1,26.8,Overweight
Male,18,1.72,85,28.7,Overweight
Male,18,1.76,85.1,27.5,Overweight
Male,19,1.7,81.4,28.2,Overweight
Female,34,1.69,77.6,27.2,Overweight
Male,17,1.79,95.3,29.7,Overweight
Male,33,1.71,83,28.4,Overweight
Male,33,1.73,84.8,28.3,Overweight
Female,36,1.7,83,28.7,Overweight
Female,20,1.63,74.4,28.0,Overweight
Female,19,1.55,72.5,30.2,Obesity
Male,34,1.84,92.7,27.4,Overweight
Male,23,1.71,82,28.0,Overweight
Male,20,1.7,78.8,27.3,Overweight
Male,19,1.71,78.1,26.7,Overweight
Male,30,1.84,93.8,27.7,Overweight
Male,27,1.88,99.6,28.2,Overweight
Male,21,1.73,82.9,27.7,Overweight
Male,33,1.73,84.3,28.2,Overweight
Male,18,1.75,87,28.4,Overweight
Male,31,1.78,88.4,27.9,Overweight
Male,33,1.85,97.9,28.6,Overweight
Male,25,1.79,88,27.5,Overweight
Male,24,1.72,86.3,29.2,Overweight
Female,20,1.53,68.9,29.4,Overweight
Female,34,1.66,80.4,29.2,Overweight
Female,34,1.67,77.2,27.7,Overweight
Male,23,1.73,82.5,27.6,Overweight
Female,43,1.73,86.9,29.0,Overweight
Female,45,1.68,79.7,28.2,Overweight
Male,22,1.79,89.8,28.0,Overweight
Male,21,1.72,80,27.0,Overweight
Male,31,1.92,101.5,27.5,Overweight
Male,31,1.71,82.6,28.2,Overweight
Male,22,1.66,80,29.0,Overweight
Female,31,1.54,65.9,27.8,Overweight
Male,35,1.81,90.1,27.5,Overweight
Female,21,1.52,67.1,29.0,Overweight
Male,19,1.74,87.3,28.8,Overweight
Female,20,1.53,65.1,27.8,Overweight
Male,23,1.8,90,27.8,Overweight
Female,23,1.68,80,28.3,Overweight
Male,24,1.71,85.7,29.3,Overweight
Female,24,1.66,80,29.0,Overweight
Male,29,1.75,88.1,28.8,Overweight
Male,25,1.74,83.3,27.5,Overweight
Female,29,1.7,78,27.0,Overweight
Male,17,1.7,83.4,28.9,Overweight
Female,19,1.63,77.9,29.3,Overweight
Male,24,1.86,95.9,27.7,Overweight
Male,23,1.77,90,28.7,Overweight
Female,29,1.7,78,27.0,Overweight
Male,34,1.72,84.4,28.5,Overweight
Female,28,1.66,78,28.3,Overweight
Male,55,1.66,81,29.4,Overweight
Male,35,1.71,84.7,29.0,Overweight
Male,21,1.68,80.4,28.5,Overweight
Female,38,1.68,77.2,27.4,Overweight
Male,22,1.72,81.9,27.7,Overweight
Female,21,1.49,60.1,27.1,Overweight
Female,25,1.5,64.3,28.6,Overweight
Male,23,1.72,81.7,27.6,Overweight
Female,39,1.69,79.3,27.8,Overweight
Female,34,1.67,77.1,27.6,Overweight
Male,33,1.84,97,28.7,Overweight
Female,20,1.65,75.1,27.6,Overweight
Male,19,1.7,78,27.0,Overweight
Male,46,1.72,88.6,29.9,Overweight
Male,18,1.73,84.1,28.1,Overweight
Male,19,1.7,79.7,27.6,Overweight
Female,38,1.7,78.6,27.2,Overweight
Male,23,1.82,96.9,29.3,Overweight
Male,33,1.71,83,28.4,Overweight
Female,37,1.67,81,29.0,Overweight
Female,19,1.59,73.9,29.2,Overweight
Male,37,1.84,92.4,27.3,Overweight
Male,25,1.71,83.5,28.6,Overweight
Male,18,1.68,79.8,28.3,Overweight
Male,27,1.84,97.6,28.8,Overweight
Male,18,1.74,86.6,28.6,Overweight
Male,33,1.74,84.8,28.0,Overweight
Male,18,1.76,86.1,27.8,Overweight
Male,30,1.81,92.9,28.4,Overweight
Male,25,1.76,88.5,28.6,Overweight
Female,18,1.54,71.8,30.3,Obesity
Female,35,1.65,79.4,29.2,Overweight
Male,24,1.73,84.6,28.3,Overweight
Female,39,1.71,85.7,29.3,Overweight
Male,21,1.78,89.7,28.3,Overweight
Male,23,1.76,89.7,29.0,Overweight
Male,21,1.7,80,27.7,Overweight
Male,21,1.72,80,27.0,Overweight
Male,33,1.9,99.8,27.6,Overweight
Male,33,1.74,83.4,27.5,Overweight
Male,30,1.75,83.3,27.2,Overweight
Male,21,1.72,80,27.0,Overweight
Female,23,1.65,80,29.4,Overweight
Female,24,1.58,65.3,26.2,Overweight
Male,37,1.75,83.3,27.2,Overweight
Male,34,1.84,91.8,27.1,Overweight
Female,21,1.52,64.7,28.0,Overweight
Female,22,1.48,62.9,28.7,Overweight
Male,20,1.76,87.9,28.4,Overweight
Female,19,1.56,70.4,28.9,Overweight
Female,21,1.55,67.5,28.1,Overweight
Male,22,1.79,90,28.1,Overweight
Male,22,1.78,89.8,28.3,Overweight
Female,23,1.7,80.5,27.9,Overweight
Male,23,1.67,80.9,29.0,Overweight
Male,24,1.7,84.8,29.3,Overweight
Male,24,1.72,84,28.4,Overweight
Female,27,1.7,78,27.0,Overweight
Male,31,1.8,91.1,28.1,Overweight
Female,24,1.7,80.4,27.8,Overweight
Female,26,1.7,78,27.0,Overweight
Male,18,1.71,83.3,28.5,Overweight
Male,19,1.66,77.5,28.1,Overweight
Male,25,1.84,96,28.4,Overweight
Male,23,1.81,91.4,27.9,Overweight
Male,24,1.71,85.1,29.1,Overweight
Male,23,1.79,89.9,28.1,Overweight
Female,24,1.7,81.1,28.1,Overweight
Male,34,1.69,84.5,29.6,Overweight
Female,25,1.69,78.4,27.5,Overweight
Male,55,1.67,80.4,28.8,Overweight
Male,35,1.77,85,27.1,Overweight
Male,22,1.65,80,29.4,Overweight
Male,18,1.66,79.9,29.0,Overweight
Female,42,1.68,79.8,28.3,Overweight
Male,21,1.69,80.3,28.1,Overweight
Female,28,1.51,63.9,28.0,Overweight
Female,25,1.51,63.7,27.9,Overweight
Female,22,1.49,62.3,28.1,Overweight
Female,21,1.51,64.9,28.5,Overweight
Male,23,1.69,81,28.4,Overweight
Male,23,1.72,82.3,27.8,Overweight
Female,38,1.7,78.2,27.1,Overweight
Female,38,1.68,79.1,28.0,Overweight
Female,34,1.68,77.4,27.4,Overweight
Female,34,1.65,79.7,29.3,Overweight
Male,32,1.84,98.3,29.0,Overweight
Male,33,1.84,97.4,28.8,Overweight
Female,19,1.56,71.8,29.5,Overweight
Female,20,1.59,72.7,28.8,Overweight
Male,20,1.7,78,27.0,Overweight
Male,48,1.74,84.7,28.0,Overweight
Male,18,1.74,85,28.1,Overweight
Male,18,1.75,85,27.8,Overweight
Male,20,1.72,80.8,27.3,Overweight
Female,34,1.68,77.4,27.4,Overweight
Male,17,1.8,95.4,29.4,Overweight
Male,33,1.71,83,28.4,Overweight
Male,35,1.75,84.8,27.7,Overweight
Male,36,1.69,83.3,29.2,Overweight
Female,19,1.6,73.5,28.7,Overweight
Female,19,1.55,73,30.4,Obesity
Male,32,1.83,91.5,27.3,Overweight
Male,23,1.71,82.1,28.1,Overweight
Male,20,1.68,79.6,28.2,Overweight
Male,20,1.71,78,26.7,Overweight
Male,30,1.84,93.6,27.6,Overweight
Male,27,1.83,99.1,29.6,Overweight
Male,21,1.72,82.3,27.8,Overweight
Male,33,1.69,84,29.4,Overweight
Male,18,1.75,86.4,28.2,Overweight
Male,32,1.76,87.9,28.4,Overweight
Male,32,1.85,98.9,28.9,Overweight
Male,24,1.79,89.4,27.9,Overweight
Male,24,1.72,85.3,28.8,Overweight
Female,19,1.55,69.9,29.1,Overweight
Female,35,1.66,80.1,29.1,Overweight
Female,34,1.68,77.4,27.4,Overweight
Male,24,1.73,82.5,27.6,Overweight
Male,40,1.72,86.5,29.2,Overweight
Female,46,1.69,80.4,28.2,Overweight
Male,26,1.77,105,33.5,Obesity
Male,26,1.84,105.7,31.2,Obesity
Male,31,1.78,102.9,32.5,Obesity
Male,40,1.79,101.8,31.8,Obesity
Female,31,1.56,78.2,32.1,Obesity
Female,26,1.59,80.4,31.8,Obesity
Female,44,1.57,81.8,33.2,Obesity
Female,42,1.58,81.9,32.8,Obesity
Female,23,1.62,82,31.2,Obesity
Female,23,1.61,82.6,31.9,Obesity
Male,24,1.73,97.9,32.7,Obesity
Male,21,1.65,88.5,32.5,Obesity
Female,23,1.65,87.3,32.1,Obesity
Female,23,1.64,84.3,31.3,Obesity
Female,37,1.56,77.3,31.8,Obesity
Male,23,1.73,95,31.7,Obesity
Male,23,1.78,97.8,30.9,Obesity
Female,22,1.64,87.3,32.5,Obesity
Female,18,1.65,82.1,30.2,Obesity
Male,26,1.75,108,35.3,Obesity
Female,41,1.55,77.7,32.3,Obesity
Male,23,1.71,90.5,30.9,Obesity
Female,38,1.56,80,32.9,Obesity
Male,31,1.67,90,32.3,Obesity
Male,23,1.66,94.2,34.2,Obesity
Male,40,1.79,98.4,30.7,Obesity
Male,23,1.76,95.4,30.8,Obesity
Male,22,1.71,98.7,33.8,Obesity
Male,35,1.78,100.8,31.8,Obesity
Female,22,1.6,82,32.0,Obesity
Female,23,1.61,82.5,31.8,Obesity
Female,23,1.67,83.2,29.8,Overweight
Female,41,1.54,80,33.7,Obesity
Female,39,1.51,79.6,34.9,Obesity
Male,26,1.66,90,32.7,Obesity
Female,24,1.55,78,32.5,Obesity
Male,21,1.78,102.9,32.5,Obesity
Male,22,1.75,96.9,31.6,Obesity
Female,23,1.62,80.6,30.7,Obesity
Male,21,1.79,105.7,33.0,Obesity
Male,18,1.85,114.8,33.5,Obesity
Female,18,1.69,90,31.5,Obesity
Female,18,1.71,93.3,31.9,Obesity
Male,23,1.79,105.1,32.8,Obesity
Male,23,1.75,106.5,34.8,Obesity
Male,21,1.78,103.2,32.6,Obesity
Male,22,1.82,106,32.0,Obesity
Male,18,1.79,109,34.0,Obesity
Male,18,1.82,108.7,32.8,Obesity
Female,19,1.63,82,30.9,Obesity
Female,23,1.63,82,30.9,Obesity
Male,22,1.77,105,33.5,Obesity
Male,21,1.93,118.6,31.8,Obesity
Male,22,1.95,116.9,30.7,Obesity
Female,38,1.61,80,30.9,Obesity
Female,38,1.51,75.4,33.1,Obesity
Male,18,1.74,97.2,32.1,Obesity
Female,38,1.57,76.1,30.9,Obesity
Female,44,1.59,76.1,30.1,Obesity
Male,18,1.82,108.4,32.7,Obesity
Male,18,1.79,108.2,33.8,Obesity
Male,30,1.83,108.8,32.5,Obesity
Female,18,1.67,86.2,30.9,Obesity
Male,25,1.64,91.3,33.9,Obesity
Male,29,1.68,90,31.9,Obesity
Female,18,1.61,84.5,32.6,Obesity
Male,21,1.69,96.4,33.8,Obesity
Male,19,1.7,99.2,34.3,Obesity
Female,18,1.6,82.2,32.1,Obesity
Male,18,1.8,104.7,32.3,Obesity
Male,26,1.84,105,31.0,Obesity
Male,26,1.81,106,32.4,Obesity
Male,37,1.79,100.6,31.4,Obesity
Male,38,1.79,100.1,31.2,Obesity
Female,30,1.53,78,33.3,Obesity
Female,29,1.58,79.7,31.9,Obesity
Female,42,1.65,86.6,31.8,Obesity
Female,47,1.64,82,30.5,Obesity
Female,23,1.63,82.4,31.0,Obesity
Female,23,1.6,82,32.0,Obesity
Male,23,1.65,94.8,34.8,Obesity
Male,23,1.7,95,32.9,Obesity
Male,23,1.65,89.1,32.7,Obesity
Male,24,1.66,90,32.7,Obesity
Female,23,1.63,82.6,31.1,Obesity
Female,23,1.63,84.5,31.8,Obesity
Female,38,1.56,79.7,32.7,Obesity
Female,38,1.56,80,32.9,Obesity
Male,23,1.75,95.3,31.1,Obesity
Male,23,1.75,95.3,31.1,Obesity
Female,21,1.65,88.1,32.4,Obesity
Female,23,1.65,87.7,32.2,Obesity
Female,16,1.65,85.6,31.4,Obesity
Female,17,1.63,85.8,32.3,Obesity
Male,29,1.77,108.6,34.7,Obesity
Male,30,1.76,108.7,35.1,Obesity
Female,44,1.6,77.4,30.2,Obesity
Female,41,1.57,79.5,32.3,Obesity
Male,23,1.7,93.6,32.4,Obesity
Male,23,1.74,93.4,30.8,Obesity
Female,38,1.63,80,30.1,Obesity
Female,38,1.62,80,30.5,Obesity
Male,32,1.67,90,32.3,Obesity
Male,32,1.68,90,31.9,Obesity
Male,22,1.7,95.6,33.1,Obesity
Male,22,1.72,94.1,31.8,Obesity
Male,36,1.67,90.6,32.5,Obesity
Male,40,1.79,98,30.6,Obesity
Male,24,1.77,97.4,31.1,Obesity
Male,23,1.76,97.8,31.6,Obesity
Male,35,1.78,102.3,32.3,Obesity
Male,31,1.81,105.3,32.1,Obesity
Female,23,1.61,83,32.0,Obesity
Female,23,1.63,83.1,31.3,Obesity
Female,23,1.63,83,31.2,Obesity
Female,22,1.61,82.5,31.8,Obesity
Female,41,1.57,81.1,32.9,Obesity
Female,41,1.55,80,33.3,Obesity
Male,29,1.68,90,31.9,Obesity
Male,31,1.69,90,31.5,Obesity
Female,23,1.58,78,31.2,Obesity
Female,24,1.59,79.1,31.3,Obesity
Male,17,1.71,99.9,34.2,Obesity
Male,18,1.72,99.4,33.6,Obesity
Female,23,1.62,82,31.2,Obesity
Female,23,1.62,82,31.2,Obesity
Male,19,1.86,112.9,32.6,Obesity
Male,21,1.86,118.2,34.2,Obesity
Female,19,1.68,90.7,32.1,Obesity
Female,21,1.72,92.9,31.4,Obesity
Male,23,1.8,106.5,32.9,Obesity
Male,22,1.82,106,32.0,Obesity
Male,21,1.79,105,32.8,Obesity
Male,22,1.78,105,33.1,Obesity
Male,18,1.78,109.2,34.5,Obesity
Male,18,1.84,109.2,32.3,Obesity
Female,19,1.63,82,30.9,Obesity
Female,18,1.65,82.3,30.2,Obesity
Male,22,1.75,105,34.3,Obesity
Male,22,1.76,105,33.9,Obesity
Male,20,1.94,121.7,32.3,Obesity
Male,20,1.98,120.7,30.8,Obesity
Female,39,1.59,80,31.6,Obesity
Female,38,1.6,80,31.3,Obesity
Male,19,1.7,98.3,34.0,Obesity
Male,17,1.71,99.5,34.0,Obesity
Female,39,1.53,75.2,32.1,Obesity
Female,39,1.5,76.6,34.0,Obesity
Male,18,1.78,108.4,34.2,Obesity
Male,18,1.79,108.2,33.8,Obesity
Male,30,1.81,109.4,33.4,Obesity
Male,31,1.79,109.6,34.2,Obesity
Female,18,1.69,90,31.5,Obesity
Female,18,1.7,91.5,31.7,Obesity
Male,31,1.67,89.7,32.2,Obesity
Male,29,1.67,89,31.9,Obesity
Female,18,1.65,84.2,30.9,Obesity
Female,18,1.65,84.9,31.2,Obesity
Male,21,1.7,98,33.9,Obesity
Male,21,1.69,99.5,34.8,Obesity
Female,18,1.62,82.4,31.4,Obesity
Female,18,1.63,82.5,31.1,Obesity
Male,20,1.84,105.3,31.1,Obesity
Male,21,1.8,103.7,32.0,Obesity
Male,26,1.82,105.1,31.7,Obesity
Male,26,1.83,105.5,31.5,Obesity
Male,26,1.83,105.4,31.5,Obesity
Male,26,1.82,105.8,31.9,Obesity
Male,30,1.83,105.2,31.4,Obesity
Male,33,1.78,103.8,32.8,Obesity
Male,39,1.78,103.6,32.7,Obesity
Male,40,1.78,96.3,30.4,Obesity
Female,33,1.56,77.6,31.9,Obesity
Female,26,1.56,78.4,32.2,Obesity
Female,23,1.6,80.7,31.5,Obesity
Female,25,1.62,81.7,31.1,Obesity
Female,43,1.57,81.9,33.2,Obesity
Female,44,1.58,81,32.4,Obesity
Female,43,1.58,81.9,32.8,Obesity
Female,40,1.57,80.1,32.5,Obesity
Female,23,1.63,82,30.9,Obesity
Female,23,1.62,82.3,31.4,Obesity
Female,23,1.61,82.6,31.9,Obesity
Female,23,1.63,82.4,31.0,Obesity
Male,23,1.73,98,32.7,Obesity
Male,23,1.73,98.4,32.9,Obesity
Female,21,1.65,88.1,32.4,Obesity
Female,21,1.65,88,32.3,Obesity
Female,23,1.67,86,30.8,Obesity
Female,23,1.67,85.6,30.7,Obesity
Female,23,1.61,84.2,32.5,Obesity
Female,23,1.65,84.1,30.9,Obesity
Female,39,1.53,77.6,33.1,Obesity
Female,37,1.52,76.2,33.0,Obesity
Male,23,1.7,95,32.9,Obesity
Male,23,1.72,94.7,32.0,Obesity
Male,23,1.77,96.1,30.7,Obesity
Male,24,1.78,97.8,30.9,Obesity
Female,22,1.64,88.1,32.8,Obesity
Female,21,1.64,88.1,32.8,Obesity
Female,18,1.64,82.1,30.5,Obesity
Female,19,1.65,82,30.1,Obesity
Male,26,1.78,106.5,33.6,Obesity
Male,26,1.81,107.6,32.8,Obesity
Female,40,1.56,77.6,31.9,Obesity
Female,38,1.56,77.7,31.9,Obesity
Male,24,1.65,91.2,33.5,Obesity
Male,23,1.68,91.1,32.3,Obesity
Female,38,1.55,80,33.3,Obesity
Female,38,1.56,80,32.9,Obesity
Male,32,1.67,90,32.3,Obesity
Male,30,1.68,90,31.9,Obesity
Male,22,1.66,94.3,34.2,Obesity
Male,22,1.67,94.5,33.9,Obesity
Male,40,1.79,100.4,31.3,Obesity
Male,37,1.78,98.8,31.2,Obesity
Male,23,1.75,95.3,31.1,Obesity
Male,23,1.75,95.3,31.1,Obesity
Male,22,1.72,98.6,33.3,Obesity
Male,22,1.74,98.2,32.4,Obesity
Male,37,1.79,101.3,31.6,Obesity
Male,38,1.79,99.2,31.0,Obesity
Female,22,1.61,83.8,32.3,Obesity
Female,23,1.6,82,32.0,Obesity
Female,22,1.61,82.5,31.8,Obesity
Female,22,1.61,82.4,31.8,Obesity
Female,23,1.66,82.6,30.0,Overweight
Female,23,1.66,82.5,29.9,Overweight
Female,39,1.55,80,33.3,Obesity
Female,41,1.55,80,33.3,Obesity
Female,41,1.53,79.8,34.1,Obesity
Female,39,1.52,79.8,34.5,Obesity
Male,26,1.66,90,32.7,Obesity
Male,27,1.67,90,32.3,Obesity
Female,24,1.58,78.1,31.3,Obesity
Female,24,1.56,80.5,33.1,Obesity
Male,21,1.78,103,32.5,Obesity
Male,22,1.78,103.6,32.7,Obesity
Male,23,1.75,96.9,31.6,Obesity
Male,22,1.74,96.7,31.9,Obesity
Female,23,1.57,79,32.0,Obesity
Female,24,1.59,80.6,31.9,Obesity
Male,21,1.8,105.7,32.6,Obesity
Male,21,1.79,105.6,33.0,Obesity
Male,22,1.87,115.6,33.1,Obesity
Male,18,1.86,111.2,32.1,Obesity
Female,18,1.69,90,31.5,Obesity
Female,18,1.68,90.9,32.2,Obesity
Female,20,1.74,93.9,31.0,Obesity
Female,18,1.69,92.5,32.4,Obesity
Male,22,1.79,105.1,32.8,Obesity
Male,23,1.74,105,34.7,Obesity
Male,22,1.8,106.3,32.8,Obesity
Male,23,1.77,106,33.8,Obesity
Male,21,1.78,105,33.1,Obesity
Male,21,1.78,102.9,32.5,Obesity
Male,22,1.79,106.3,33.2,Obesity
Male,22,1.82,105.5,31.9,Obesity
Male,18,1.81,108.8,33.2,Obesity
Male,18,1.81,108.8,33.2,Obesity
Male,18,1.81,108.9,33.2,Obesity
Male,18,1.8,108.9,33.6,Obesity
Female,19,1.63,82,30.9,Obesity
Female,19,1.62,82.9,31.6,Obesity
Female,23,1.62,81.3,31.0,Obesity
Female,23,1.62,82.6,31.5,Obesity
Male,22,1.77,105,33.5,Obesity
Male,22,1.81,105.7,32.3,Obesity
Male,21,1.88,117.5,33.2,Obesity
Male,20,1.88,112.9,31.9,Obesity
Male,22,1.93,118.2,31.7,Obesity
Male,21,1.86,115.4,33.4,Obesity
Female,39,1.57,80,32.5,Obesity
Female,38,1.57,80,32.5,Obesity
Female,38,1.52,77,33.3,Obesity
Female,37,1.55,76.1,31.7,Obesity
Male,19,1.71,96.6,33.0,Obesity
Male,17,1.72,97.4,32.9,Obesity
Female,39,1.56,76.7,31.5,Obesity
Female,37,1.5,75.3,33.5,Obesity
Female,41,1.54,77.1,32.5,Obesity
Female,44,1.59,77,30.5,Obesity
Male,18,1.79,108,33.7,Obesity
Male,18,1.78,108,34.1,Obesity
Male,18,1.8,108.3,33.4,Obesity
Male,18,1.8,108.3,33.4,Obesity
Male,29,1.8,108.2,33.4,Obesity
Male,28,1.83,107.1,32.0,Obesity
Female,18,1.69,89.9,31.5,Obesity
Female,18,1.67,85.6,30.7,Obesity
Male,23,1.65,93.3,34.3,Obesity
Male,24,1.66,90.7,32.9,Obesity
Male,29,1.64,89.4,33.2,Obesity
Male,28,1.67,90,32.3,Obesity
Female,18,1.62,83.1,31.7,Obesity
Female,18,1.6,82.4,32.2,Obesity
Male,21,1.7,96.7,33.5,Obesity
Male,21,1.71,95,32.5,Obesity
Male,20,1.7,98.6,34.1,Obesity
Male,21,1.71,99.9,34.2,Obesity
Female,19,1.61,82.2,31.7,Obesity
Female,19,1.61,82,31.6,Obesity
Male,19,1.8,104.4,32.2,Obesity
Male,20,1.79,104.2,32.5,Obesity
Male,30,1.76,112.3,36.3,Obesity
Male,25,1.79,115.1,35.9,Obesity
Male,37,1.7,107.9,37.3,Obesity
Male,33,1.7,102.8,35.6,Obesity
Male,28,1.91,128.8,35.3,Obesity
Male,30,1.82,122.1,36.9,Obesity
Male,27,1.77,118.2,37.7,Obesity
Male,34,1.77,120.2,38.4,Obesity
Male,26,1.77,116.2,37.1,Obesity
Male,28,1.79,112.7,35.2,Obesity
Male,28,1.83,120.9,36.1,Obesity
Male,25,1.89,121.3,34.0,Obesity
Male,31,1.75,120,39.2,Obesity
Male,31,1.87,128.9,36.9,Obesity
Male,25,1.76,112.3,36.3,Obesity
Male,25,1.76,117.3,37.9,Obesity
Male,41,1.75,116.6,38.1,Obesity
Male,28,1.7,101.6,35.2,Obesity
Male,23,1.85,121.4,35.5,Obesity
Male,23,1.84,122,36.0,Obesity
Male,24,1.61,98.5,38.0,Obesity
Male,20,1.65,106.5,39.1,Obesity
Male,30,1.76,112,36.2,Obesity
Male,25,1.76,112.1,36.2,Obesity
Male,31,1.67,101.6,36.4,Obesity
Male,29,1.67,98.7,35.4,Obesity
Male,31,1.91,129.9,35.6,Obesity
Male,30,1.9,124.3,34.4,Obesity
Male,32,1.75,118.1,38.6,Obesity
Male,37,1.75,119.4,39.0,Obesity
Male,22,1.77,116.2,37.1,Obesity
Male,24,1.79,116.1,36.2,Obesity
Male,24,1.83,120.9,36.1,Obesity
Male,25,1.83,121,36.1,Obesity
Male,32,1.78,121.2,38.3,Obesity
Male,31,1.77,118.4,37.8,Obesity
Male,23,1.75,117.4,38.3,Obesity
Male,23,1.75,119.1,38.9,Obesity
Male,41,1.75,108.3,35.4,Obesity
Male,35,1.73,103.7,34.6,Obesity
Male,22,1.85,121.8,35.6,Obesity
Male,22,1.85,122.3,35.7,Obesity
Male,24,1.61,100,38.6,Obesity
Male,20,1.61,103.2,39.8,Obesity
Male,29,1.76,113.9,36.8,Obesity
Male,27,1.76,112.3,36.3,Obesity
Male,26,1.79,115.4,36.0,Obesity
Male,25,1.77,114.3,36.5,Obesity
Male,31,1.73,110.7,37.0,Obesity
Male,41,1.74,109.9,36.3,Obesity
Male,34,1.7,103.8,35.9,Obesity
Male,30,1.7,103,35.6,Obesity
Male,31,1.91,128.9,35.3,Obesity
Male,29,1.91,129.9,35.6,Obesity
Male,31,1.78,120.6,38.1,Obesity
Male,31,1.78,120.5,38.0,Obesity
Male,27,1.86,120.2,34.7,Obesity
Male,27,1.81,118.3,36.1,Obesity
Male,37,1.75,118.2,38.6,Obesity
Male,29,1.82,120.4,36.3,Obesity
Male,26,1.77,114.1,36.4,Obesity
Male,25,1.76,115.5,37.3,Obesity
Male,30,1.78,112.4,35.5,Obesity
Male,27,1.78,113,35.7,Obesity
Male,26,1.87,120.9,34.6,Obesity
Male,28,1.8,119.1,36.8,Obesity
Male,23,1.88,121.3,34.3,Obesity
Male,24,1.78,120.6,38.1,Obesity
Male,32,1.77,120.1,38.3,Obesity
Male,30,1.76,118.4,38.2,Obesity
Male,31,1.82,126.5,38.2,Obesity
Male,31,1.87,125.1,35.8,Obesity
Male,25,1.77,113.2,36.1,Obesity
Male,26,1.77,114.1,36.4,Obesity
Male,25,1.86,117.6,34.0,Obesity
Male,25,1.83,118.4,35.4,Obesity
Male,39,1.77,118.5,37.8,Obesity
Male,39,1.77,117.3,37.4,Obesity
Male,26,1.67,103.7,37.2,Obesity
Male,32,1.7,102.7,35.5,Obesity
Male,23,1.84,121.1,35.8,Obesity
Male,24,1.78,118.7,37.5,Obesity
Male,24,1.87,121.8,34.8,Obesity
Male,23,1.76,120,38.7,Obesity
Male,24,1.62,100.9,38.4,Obesity
Male,31,1.64,100,37.2,Obesity
Male,20,1.7,104.6,36.2,Obesity
Male,25,1.66,104.5,37.9,Obesity
Male,30,1.76,112,36.2,Obesity
Male,30,1.76,112.1,36.2,Obesity
Male,24,1.62,100,38.1,Obesity
Male,25,1.62,97.6,37.2,Obesity
Male,30,1.92,130,35.3,Obesity
Male,30,1.91,129.2,35.4,Obesity
Male,37,1.75,118.1,38.6,Obesity
Male,39,1.75,119,38.9,Obesity
Male,23,1.78,113.7,35.9,Obesity
Male,23,1.79,116.2,36.3,Obesity
Male,25,1.83,121,36.1,Obesity
Male,25,1.8,121,37.3,Obesity
Male,32,1.75,120,39.2,Obesity
Male,32,1.76,118.5,38.3,Obesity
Male,23,1.83,121.2,36.2,Obesity
Male,23,1.84,120.4,35.6,Obesity
Male,41,1.75,109.9,35.9,Obesity
Male,41,1.75,115.8,37.8,Obesity
Male,22,1.85,122.1,35.7,Obesity
Male,22,1.85,122.6,35.8,Obesity
Male,24,1.61,100.6,38.8,Obesity
Male,24,1.6,99.6,38.9,Obesity
Male,30,1.77,112.5,35.9,Obesity
Male,29,1.76,112.4,36.3,Obesity
Male,25,1.79,115,35.9,Obesity
Male,25,1.77,114.9,36.7,Obesity
Male,40,1.72,109.3,36.9,Obesity
Male,34,1.7,107,37.0,Obesity
Male,33,1.7,103,35.6,Obesity
Male,30,1.7,102.8,35.6,Obesity
Male,30,1.91,129.7,35.6,Obesity
Male,29,1.91,129.9,35.6,Obesity
Male,30,1.8,121.1,37.4,Obesity
Male,30,1.86,123.7,35.8,Obesity
Male,27,1.82,118.3,35.7,Obesity
Male,27,1.79,118.2,36.9,Obesity
Male,33,1.75,118.3,38.6,Obesity
Male,32,1.75,120.1,39.2,Obesity
Male,26,1.77,115.1,36.7,Obesity
Male,26,1.77,115.8,37.0,Obesity
Male,30,1.79,112.5,35.1,Obesity
Male,27,1.79,112.7,35.2,Obesity
Male,28,1.82,120.8,36.5,Obesity
Male,27,1.84,120.4,35.6,Obesity
Male,25,1.87,121.2,34.7,Obesity
Male,25,1.8,120.9,37.3,Obesity
Male,30,1.76,119.1,38.4,Obesity
Male,31,1.76,118.6,38.3,Obesity
Male,31,1.89,129.2,36.2,Obesity
Male,31,1.87,127.5,36.5,Obesity
Male,25,1.76,112.2,36.2,Obesity
Male,25,1.76,113.2,36.5,Obesity
Male,24,1.77,117.4,37.5,Obesity
Male,25,1.77,117.7,37.6,Obesity
Male,40,1.76,117.7,38.0,Obesity
Male,40,1.76,117,37.8,Obesity
Male,27,1.68,102.9,36.5,Obesity
Male,30,1.7,100.2,34.7,Obesity
Male,23,1.85,121.7,35.6,Obesity
Male,24,1.87,121.7,34.8,Obesity
Male,23,1.87,121.8,34.8,Obesity
Male,23,1.85,121.4,35.5,Obesity
Male,24,1.62,98.5,37.5,Obesity
Male,27,1.65,99.6,36.6,Obesity
Male,20,1.62,104.3,39.7,Obesity
Male,23,1.64,104.3,38.8,Obesity
Male,28,1.79,112.2,35.0,Obesity
Male,30,1.76,112,36.2,Obesity
Male,25,1.76,113.1,36.5,Obesity
Male,25,1.77,112.2,35.8,Obesity
Male,32,1.68,102,36.1,Obesity
Male,31,1.67,100.5,36.0,Obesity
Male,28,1.69,99.5,34.8,Obesity
Male,28,1.69,99.7,34.9,Obesity
Male,31,1.89,129.3,36.2,Obesity
Male,31,1.92,130,35.3,Obesity
Male,30,1.84,124.1,36.7,Obesity
Male,31,1.87,123.2,35.2,Obesity
Male,32,1.75,119.2,38.9,Obesity
Male,31,1.76,118.2,38.2,Obesity
Male,38,1.75,117.9,38.5,Obesity
Male,38,1.76,118.7,38.3,Obesity
Male,22,1.76,116.3,37.5,Obesity
Male,23,1.77,116.7,37.2,Obesity
Male,25,1.79,115.4,36.0,Obesity
Male,24,1.77,116.2,37.1,Obesity
Male,24,1.84,121,35.7,Obesity
Male,24,1.82,120.8,36.5,Obesity
Male,25,1.83,121,36.1,Obesity
Male,25,1.83,121,36.1,Obesity
Male,31,1.78,120.8,38.1,Obesity
Male,31,1.78,120.8,38.1,Obesity
Male,31,1.76,119.4,38.5,Obesity
Male,31,1.75,118.8,38.8,Obesity
Male,25,1.76,117.4,37.9,Obesity
Male,24,1.76,117.3,37.9,Obesity
Male,23,1.75,119.4,39.0,Obesity
Male,23,1.76,119.2,38.5,Obesity
Male,40,1.71,108,36.9,Obesity
Male,37,1.74,106.4,35.1,Obesity
Male,34,1.68,102.5,36.3,Obesity
Male,34,1.71,103.1,35.3,Obesity
Male,23,1.85,121.6,35.5,Obesity
Male,23,1.85,121.7,35.6,Obesity
Male,23,1.85,122.1,35.7,Obesity
Male,22,1.87,121.5,34.7,Obesity
Male,24,1.61,100.8,38.9,Obesity
Male,24,1.6,100.2,39.1,Obesity
Male,20,1.62,103.4,39.4,Obesity
Male,23,1.61,100.6,38.8,Obesity
Male,29,1.76,113.5,36.6,Obesity
Male,30,1.76,113.2,36.5,Obesity
Male,27,1.76,112.3,36.3,Obesity
Male,25,1.76,112.3,36.3,Obesity
Male,26,1.78,115.3,36.4,Obesity
Male,26,1.79,114.5,35.7,Obesity
Male,26,1.77,114.2,36.5,Obesity
Male,26,1.77,114.1,36.4,Obesity
Male,30,1.76,111.6,36.0,Obesity
Male,30,1.76,112,36.2,Obesity
Male,41,1.75,109.8,35.9,Obesity
Male,41,1.74,111.2,36.7,Obesity
Male,30,1.7,103.7,35.9,Obesity
Male,33,1.7,103.3,35.7,Obesity
Male,31,1.68,102,36.1,Obesity
Male,30,1.7,102.6,35.5,Obesity
Male,31,1.88,127.2,36.0,Obesity
Male,31,1.91,129,35.4,Obesity
Male,30,1.91,129.2,35.4,Obesity
Male,31,1.91,129.2,35.4,Obesity
Male,31,1.78,120.6,38.1,Obesity
Male,32,1.77,120.2,38.4,Obesity
Male,31,1.78,120.6,38.1,Obesity
Male,31,1.77,120.3,38.4,Obesity
Male,27,1.82,119.6,36.1,Obesity
Male,27,1.84,120,35.4,Obesity
Male,26,1.85,117.6,34.4,Obesity
Male,26,1.83,117.8,35.2,Obesity
Male,38,1.75,118.1,38.6,Obesity
Male,38,1.76,117.9,38.1,Obesity
Male,28,1.82,120.7,36.4,Obesity
Male,28,1.81,119.5,36.5,Obesity
Male,25,1.77,114.2,36.5,Obesity
Male,26,1.77,114.3,36.5,Obesity
Male,26,1.76,115.1,37.2,Obesity
Male,26,1.77,115.5,36.9,Obesity
Male,30,1.77,112.3,35.8,Obesity
Male,30,1.76,112.4,36.3,Obesity
Male,27,1.78,113.2,35.7,Obesity
Male,28,1.77,113.2,36.1,Obesity
Male,26,1.89,121.1,33.9,Obesity
Male,27,1.83,120.9,36.1,Obesity
Male,28,1.81,120.4,36.8,Obesity
Male,27,1.81,119.8,36.6,Obesity
Male,23,1.86,121.3,35.1,Obesity
Male,23,1.87,121.5,34.7,Obesity
Male,24,1.78,120.9,38.2,Obesity
Male,24,1.79,120.9,37.7,Obesity
Male,31,1.76,120,38.7,Obesity
Male,31,1.77,120.2,38.4,Obesity
Male,32,1.75,118.3,38.6,Obesity
Male,30,1.76,118.4,38.2,Obesity
Male,31,1.85,125.1,36.6,Obesity
Male,31,1.84,126,37.2,Obesity
Male,31,1.83,125,37.3,Obesity
Male,31,1.86,126.4,36.5,Obesity
Male,25,1.76,113.1,36.5,Obesity
Male,25,1.76,112.8,36.4,Obesity
Male,25,1.77,114.1,36.4,Obesity
Male,25,1.77,114,36.4,Obesity
Male,26,1.8,117.9,36.4,Obesity
Male,25,1.79,117.8,36.8,Obesity
Male,25,1.8,118.3,36.5,Obesity
Male,25,1.84,118.4,35.0,Obesity
Male,37,1.76,118.4,38.2,Obesity
Male,38,1.75,119.2,38.9,Obesity
Male,39,1.77,117.8,37.6,Obesity
Male,38,1.77,118.1,37.7,Obesity
Male,25,1.6,101,39.5,Obesity
Male,27,1.69,103.2,36.1,Obesity
Male,34,1.71,103.3,35.3,Obesity
Male,33,1.7,102.8,35.6,Obesity
Male,24,1.83,121,36.1,Obesity
Male,23,1.85,121.2,35.4,Obesity
Male,24,1.77,119.1,38.0,Obesity
Male,25,1.79,118.4,37.0,Obesity
Male,25,1.85,121.3,35.4,Obesity
Male,24,1.87,121.5,34.7,Obesity
Male,23,1.82,120.8,36.5,Obesity
Male,23,1.82,120.3,36.3,Obesity
Male,24,1.61,100.2,38.7,Obesity
Male,24,1.61,100.1,38.6,Obesity
Male,31,1.65,101.1,37.1,Obesity
Male,31,1.65,102.6,37.7,Obesity
Male,20,1.66,105.6,38.3,Obesity
Male,21,1.64,101.1,37.6,Obesity
Male,26,1.66,104.3,37.9,Obesity
Male,27,1.69,102.6,35.9,Obesity
Female,26,1.61,102.1,39.4,Obesity
Female,26,1.58,105.1,42.1,Obesity
Female,18,1.79,137.9,43.0,Obesity
Female,18,1.8,149.9,46.3,Obesity
Female,26,1.66,111.9,40.6,Obesity
Female,26,1.6,105.4,41.2,Obesity
Female,26,1.68,105,37.2,Obesity
Female,26,1.68,109.9,38.9,Obesity
Female,22,1.66,121.2,44.0,Obesity
Female,21,1.69,133.8,46.8,Obesity
Female,26,1.62,110,41.9,Obesity
Female,26,1.58,110.5,44.3,Obesity
Female,21,1.73,131.5,43.9,Obesity
Female,23,1.66,114.5,41.6,Obesity
Female,21,1.75,127.9,41.8,Obesity
Female,21,1.73,152.1,50.8,Obesity
Female,19,1.75,133.8,43.7,Obesity
Female,24,1.72,114.5,38.7,Obesity
Female,26,1.63,111.9,42.1,Obesity
Female,26,1.64,111.9,41.6,Obesity
Female,26,1.65,104.8,38.5,Obesity
Female,26,1.63,107.5,40.5,Obesity
Female,21,1.74,130.9,43.2,Obesity
Female,24,1.74,132.5,43.8,Obesity
Female,26,1.58,102,40.9,Obesity
Female,26,1.61,103,39.7,Obesity
Female,18,1.82,142.1,42.9,Obesity
Female,18,1.83,152.7,45.6,Obesity
Female,26,1.66,112,40.6,Obesity
Female,26,1.64,111.2,41.3,Obesity
Female,26,1.67,104.6,37.5,Obesity
Female,26,1.67,104.8,37.6,Obesity
Female,21,1.67,124.7,44.7,Obesity
Female,21,1.69,129.8,45.4,Obesity
Female,26,1.62,110.7,42.2,Obesity
Female,26,1.64,110.8,41.2,Obesity
Female,22,1.73,135.5,45.3,Obesity
Female,21,1.75,133.6,43.6,Obesity
Female,21,1.81,138.7,42.3,Obesity
Female,21,1.81,155.9,47.6,Obesity
Female,18,1.75,133.7,43.7,Obesity
Female,21,1.75,133.9,43.7,Obesity
Female,26,1.63,111.9,42.1,Obesity
Female,26,1.64,111.8,41.6,Obesity
Female,26,1.64,104.8,39.0,Obesity
Female,26,1.62,104.9,40.0,Obesity
Female,23,1.76,133.4,43.1,Obesity
Female,20,1.76,134,43.3,Obesity
Female,26,1.61,102.4,39.5,Obesity
Female,26,1.66,102.8,37.3,Obesity
Female,26,1.6,104.9,41.0,Obesity
Female,26,1.63,105,39.5,Obesity
Female,18,1.77,137,43.7,Obesity
Female,22,1.79,137.8,43.0,Obesity
Female,18,1.8,141.2,43.6,Obesity
Female,20,1.79,152,47.4,Obesity
Female,26,1.64,111.9,41.6,Obesity
Female,26,1.64,111.6,41.5,Obesity
Female,26,1.62,105,40.0,Obesity
Female,26,1.61,105.4,40.7,Obesity
Female,26,1.63,104.8,39.4,Obesity
Female,25,1.68,104.8,37.1,Obesity
Female,26,1.66,110.9,40.2,Obesity
Female,26,1.66,110.2,40.0,Obesity
Female,19,1.67,124.8,44.7,Obesity
Female,21,1.71,121.9,41.7,Obesity
Female,22,1.75,133.8,43.7,Obesity
Female,21,1.71,131.9,45.1,Obesity
Female,26,1.62,110,41.9,Obesity
Female,26,1.64,111,41.3,Obesity
Female,26,1.62,111.3,42.4,Obesity
Female,26,1.62,110,41.9,Obesity
Female,21,1.74,132.1,43.6,Obesity
Female,22,1.73,132.9,44.4,Obesity
Female,24,1.69,114.5,40.1,Obesity
Female,24,1.64,113.3,42.1,Obesity
Female,18,1.75,128.3,41.9,Obesity
Female,20,1.75,129.4,42.3,Obesity
Female,21,1.75,144.3,47.1,Obesity
Female,21,1.75,149.3,48.8,Obesity
Female,19,1.74,132.6,43.8,Obesity
Female,22,1.75,133.9,43.7,Obesity
Female,24,1.69,112.8,39.5,Obesity
Female,26,1.67,112.9,40.5,Obesity
Female,26,1.63,111.8,42.1,Obesity
Female,26,1.64,111.9,41.6,Obesity
Female,26,1.64,111.5,41.5,Obesity
Female,26,1.65,111.9,41.1,Obesity
Female,26,1.6,105,41.0,Obesity
Female,26,1.64,105,39.0,Obesity
Female,26,1.63,106.9,40.2,Obesity
Female,26,1.63,108.3,40.8,Obesity
Female,21,1.72,133.5,45.1,Obesity
Female,21,1.71,131.3,44.9,Obesity
Female,23,1.72,132.9,44.9,Obesity
Female,23,1.74,133.5,44.1,Obesity
Female,26,1.57,102,41.4,Obesity
Female,26,1.58,102.1,40.9,Obesity
Female,20,1.78,154.6,48.8,Obesity
Female,19,1.79,160.9,50.2,Obesity
Female,26,1.66,112,40.6,Obesity
Female,26,1.66,112,40.6,Obesity
Female,26,1.68,104.6,37.1,Obesity
Female,25,1.68,104.8,37.1,Obesity
Female,19,1.72,127.6,43.1,Obesity
Female,20,1.68,125.4,44.4,Obesity
Female,26,1.62,110.8,42.2,Obesity
Female,26,1.63,110.8,41.7,Obesity
Female,22,1.75,136.5,44.6,Obesity
Female,21,1.78,137.9,43.5,Obesity
Female,22,1.81,152.4,46.5,Obesity
Female,22,1.8,160.6,49.6,Obesity
Female,18,1.75,133.6,43.6,Obesity
Female,20,1.75,133.8,43.7,Obesity
Female,26,1.63,111.6,42.0,Obesity
Female,26,1.64,111.6,41.5,Obesity
Female,26,1.62,104.8,39.9,Obesity
Female,26,1.63,104.9,39.5,Obesity
Female,22,1.76,133.9,43.2,Obesity
Female,21,1.76,133.9,43.2,Obesity
Female,26,1.61,102.1,39.4,Obesity
Female,26,1.61,102.2,39.4,Obesity
Female,26,1.62,105,40.0,Obesity
Female,26,1.64,105,39.0,Obesity
Female,19,1.8,138,42.6,Obesity
Female,22,1.79,137.9,43.0,Obesity
Female,20,1.8,151.4,46.7,Obesity
Female,18,1.81,152.6,46.6,Obesity
Female,26,1.65,111.9,41.1,Obesity
Female,26,1.65,111.9,41.1,Obesity
Female,26,1.66,105.1,38.1,Obesity
Female,26,1.63,105.4,39.7,Obesity
Female,26,1.67,104.8,37.6,Obesity
Female,26,1.64,105,39.0,Obesity
Female,26,1.66,109.9,39.9,Obesity
Female,26,1.64,109.9,40.9,Obesity
Female,21,1.68,121.6,43.1,Obesity
Female,23,1.66,120.7,43.8,Obesity
Female,21,1.71,133.7,45.7,Obesity
Female,21,1.72,133.9,45.3,Obesity
Female,26,1.62,110,41.9,Obesity
Female,26,1.62,110.4,42.1,Obesity
Female,26,1.62,110.8,42.2,Obesity
Female,26,1.6,110.1,43.0,Obesity
Female,21,1.73,131.9,44.1,Obesity
Female,21,1.73,131.9,44.1,Obesity
Female,23,1.68,114.5,40.6,Obesity
Female,24,1.64,113.9,42.3,Obesity
Female,21,1.74,128.1,42.3,Obesity
Female,21,1.74,128.8,42.5,Obesity
Female,20,1.79,152.4,47.6,Obesity
Female,20,1.81,152.2,46.5,Obesity
Female,19,1.74,133.3,44.0,Obesity
Female,20,1.75,133.9,43.7,Obesity
Female,24,1.71,113.4,38.8,Obesity
Female,25,1.69,113.5,39.7,Obesity
Female,26,1.64,111.9,41.6,Obesity
Female,26,1.65,111.9,41.1,Obesity
Female,26,1.64,111.9,41.6,Obesity
Female,26,1.64,111.9,41.6,Obesity
Female,26,1.63,104.8,39.4,Obesity
Female,26,1.65,104.8,38.5,Obesity
Female,26,1.61,107,41.3,Obesity
Female,26,1.63,106.7,40.2,Obesity
Female,21,1.73,131.8,44.0,Obesity
Female,21,1.72,131,44.3,Obesity
Female,24,1.74,132.8,43.9,Obesity
Female,24,1.74,133.2,44.0,Obesity
Female,26,1.62,102.2,38.9,Obesity
Female,26,1.64,102.3,38.0,Obesity
Female,26,1.59,102.9,40.7,Obesity
Female,26,1.61,102.3,39.5,Obesity
Female,19,1.82,141.9,42.8,Obesity
Female,18,1.81,140.3,42.8,Obesity
Female,20,1.82,152.4,46.0,Obesity
Female,18,1.82,151.3,45.7,Obesity
Female,26,1.66,111.9,40.6,Obesity
Female,26,1.65,112,41.1,Obesity
Female,26,1.62,111.2,42.4,Obesity
Female,26,1.64,111,41.3,Obesity
Female,25,1.68,104.8,37.1,Obesity
Female,26,1.67,104.6,37.5,Obesity
Female,25,1.67,104.7,37.5,Obesity
Female,26,1.67,104.8,37.6,Obesity
Female,21,1.7,126.5,43.8,Obesity
Female,21,1.73,125.1,41.8,Obesity
Female,21,1.71,131,44.8,Obesity
Female,21,1.72,130.9,44.2,Obesity
Female,26,1.62,111,42.3,Obesity
Female,26,1.59,110.6,43.7,Obesity
Female,26,1.63,110.8,41.7,Obesity
Female,26,1.62,110.8,42.2,Obesity
Female,22,1.73,134.8,45.0,Obesity
Female,22,1.74,135.3,44.7,Obesity
Female,21,1.75,133.9,43.7,Obesity
Female,21,1.75,133.7,43.7,Obesity
Female,20,1.78,137.8,43.5,Obesity
Female,21,1.74,135.7,44.8,Obesity
Female,20,1.82,154,46.5,Obesity
Female,21,1.8,155.2,47.9,Obesity
Female,21,1.75,133.6,43.6,Obesity
Female,19,1.76,133.9,43.2,Obesity
Female,21,1.75,133.6,43.6,Obesity
Female,21,1.76,133.9,43.2,Obesity
Female,26,1.63,111.9,42.1,Obesity
Female,26,1.63,111.9,42.1,Obesity
Female,26,1.64,111.8,41.6,Obesity
Female,26,1.64,111.8,41.6,Obesity
Female,26,1.64,104.8,39.0,Obesity
Female,26,1.63,104.9,39.5,Obesity
Female,26,1.61,104.9,40.5,Obesity
Female,26,1.62,105,40.0,Obesity
Female,23,1.74,133.5,44.1,Obesity
Female,23,1.76,133.5,43.1,Obesity
Female,19,1.75,133.7,43.7,Obesity
Female,19,1.75,133.7,43.7,Obesity
Female,26,1.61,102.4,39.5,Obesity
Female,26,1.6,102.3,40.0,Obesity
Female,26,1.61,102.7,39.6,Obesity
Female,26,1.62,102.6,39.1,Obesity
Female,26,1.62,104.9,40.0,Obesity
Female,26,1.61,104.9,40.5,Obesity
Female,26,1.62,105.3,40.1,Obesity
Female,26,1.61,105,40.5,Obesity
Female,19,1.79,138.2,43.1,Obesity
Female,20,1.77,138.1,44.1,Obesity
Female,21,1.79,137.8,43.0,Obesity
Female,22,1.76,137.8,44.5,Obesity
Female,18,1.81,141.8,43.3,Obesity
Female,19,1.75,142.5,46.5,Obesity
Female,20,1.81,153.1,46.7,Obesity
Female,21,1.8,152.5,47.1,Obesity
Female,26,1.63,111.9,42.1,Obesity
Female,26,1.64,111.9,41.6,Obesity
Female,26,1.64,111.7,41.5,Obesity
Female,26,1.64,111.7,41.5,Obesity
Female,26,1.62,104.9,40.0,Obesity
Female,26,1.64,105,39.0,Obesity
Female,26,1.61,105.4,40.7,Obesity
Female,26,1.61,105.4,40.7,Obesity
Female,26,1.63,104.8,39.4,Obesity
Female,26,1.63,104.8,39.4,Obesity
Female,25,1.68,104.8,37.1,Obesity
Female,25,1.69,104.8,36.7,Obesity
Female,26,1.66,110.9,40.2,Obesity
Female,26,1.68,110.6,39.2,Obesity
Female,26,1.62,110.1,42.0,Obesity
Female,26,1.63,110.1,41.4,Obesity
Female,19,1.68,127.4,45.1,Obesity
Female,19,1.67,126.1,45.2,Obesity
Female,21,1.69,121.9,42.7,Obesity
Female,21,1.69,122.8,43.0,Obesity
Female,22,1.76,133.9,43.2,Obesity
Female,22,1.75,133.3,43.5,Obesity
Female,21,1.72,131.6,44.5,Obesity
Female,21,1.72,131.9,44.6,Obesity
Female,26,1.62,110,41.9,Obesity
Female,26,1.62,110,41.9,Obesity
Female,26,1.63,111.2,41.9,Obesity
Female,26,1.64,110.9,41.2,Obesity
Female,26,1.63,111.3,41.9,Obesity
Female,26,1.62,111.5,42.5,Obesity
Female,26,1.62,110,41.9,Obesity
Female,26,1.59,110.2,43.6,Obesity
Female,21,1.73,132.1,44.1,Obesity
Female,21,1.72,132.1,44.7,Obesity
Female,22,1.72,132.3,44.7,Obesity
Female,22,1.7,133.1,46.1,Obesity
Female,24,1.68,114.5,40.6,Obesity
Female,24,1.7,114.5,39.6,Obesity
Female,24,1.65,113.8,41.8,Obesity
Female,25,1.67,113,40.5,Obesity
Female,19,1.75,128.7,42.0,Obesity
Female,18,1.74,126.8,41.9,Obesity
Female,20,1.75,128.1,41.8,Obesity
Female,20,1.72,129.5,43.8,Obesity
Female,21,1.75,147.3,48.1,Obesity
Female,20,1.82,142.6,43.1,Obesity
Female,19,1.81,150.5,45.9,Obesity
Female,21,1.74,150.4,49.7,Obesity
Female,19,1.74,133.8,44.2,Obesity
Female,18,1.74,133,43.9,Obesity
Female,22,1.75,133.8,43.7,Obesity
Female,22,1.75,134,43.8,Obesity
Female,24,1.66,113.1,41.0,Obesity
Female,25,1.67,112.6,40.4,Obesity
Female,26,1.67,112.2,40.2,Obesity
Female,26,1.66,112.1,40.7,Obesity
Female,26,1.63,111.8,42.1,Obesity
Female,26,1.63,111.9,42.1,Obesity
Female,26,1.63,111.9,42.1,Obesity
Female,26,1.64,111.9,41.6,Obesity
Female,26,1.64,111.6,41.5,Obesity
Female,26,1.63,111.4,41.9,Obesity
Female,26,1.65,111.9,41.1,Obesity
Female,26,1.64,111.9,41.6,Obesity
Female,26,1.62,105,40.0,Obesity
Female,26,1.63,104.9,39.5,Obesity
Female,26,1.63,105,39.5,Obesity
Female,26,1.61,105,40.5,Obesity
Female,26,1.63,108.1,40.7,Obesity
Female,26,1.63,107.4,40.4,Obesity
Female,26,1.63,107.2,40.3,Obesity
Female,26,1.63,108.1,40.7,Obesity
Female,21,1.72,133,45.0,Obesity
Female,22,1.73,133,44.4,Obesity
Female,21,1.73,131.3,43.9,Obesity
Female,21,1.71,131.4,44.9,Obesity
Female,22,1.75,133.7,43.7,Obesity
Female,23,1.75,133.7,43.7,Obesity
Female,24,1.74,133.3,44.0,Obesity
Female,24,1.74,133.5,44.1,Obesity